current_path,target_path,current_name,target_name,family,reason,meta_guid
"Assets/Sprites/Arrow-cursor-1.png","Assets/Sprites/arrow-cursor-1.png","Arrow-cursor-1.png","arrow-cursor-1.png","ui","family-inferred","4cc8ba484070847328594d0a49125900"
"Assets/Sprites/Bulldoze-button-64-pressed.png","Assets/Sprites/bulldoze-button-64-pressed.png","Bulldoze-button-64-pressed.png","bulldoze-button-64-pressed.png","ui","family-inferred","3d82c069548bc4a73961b2a553305476"
"Assets/Sprites/Bulldoze-button-64-target.png","Assets/Sprites/bulldoze-button-64-target.png","Bulldoze-button-64-target.png","bulldoze-button-64-target.png","ui","family-inferred","d93dc313f038745f08788a85d536c06c"
"Assets/Sprites/Bulldozer-64.png","Assets/Sprites/bulldozer-64.png","Bulldozer-64.png","bulldozer-64.png","ui","family-inferred","86facc3aeb3f249ac86535afa0beb740"
"Assets/Sprites/Buttons/Empty-button-64-target.png","Assets/Sprites/Buttons/empty-button-64-target.png","Empty-button-64-target.png","empty-button-64-target.png","ui","family-inferred","b56c246254ef9483aa3ec6482ed4681b"
"Assets/Sprites/Buttons/Forest-button-64-pressed.png","Assets/Sprites/Buttons/forest-button-64-pressed.png","Forest-button-64-pressed.png","forest-button-64-pressed.png","ui","family-inferred","80f387245310d47b1b1147cf0217a972"
"Assets/Sprites/Buttons/Forest-button-64-target.png","Assets/Sprites/Buttons/forest-button-64-target.png","Forest-button-64-target.png","forest-button-64-target.png","ui","family-inferred","40d4e31fc20344b06819dce175b622f9"
"Assets/Sprites/Buttons/Left-arrow.png","Assets/Sprites/Buttons/left-arrow.png","Left-arrow.png","left-arrow.png","ui","family-inferred","b1de83026ff5240ec80a35cea7e156f4"
"Assets/Sprites/Buttons/Load-game-button-target.png","Assets/Sprites/Buttons/load-game-button-target.png","Load-game-button-target.png","load-game-button-target.png","ui","family-inferred","47cde3e8948ea4f5eae014c1820a5db8"
"Assets/Sprites/Buttons/Long-button-256-64-pressed-2.png","Assets/Sprites/Buttons/long-button-256-64-pressed-2.png","Long-button-256-64-pressed-2.png","long-button-256-64-pressed-2.png","ui","family-inferred","d34cf42f6f08e48fd897f1adb0f4a450"
"Assets/Sprites/Buttons/Long-button-256-64-pressed.png","Assets/Sprites/Buttons/long-button-256-64-pressed.png","Long-button-256-64-pressed.png","long-button-256-64-pressed.png","ui","family-inferred","9c0748ee0596246c0a7c1af9667b459a"
"Assets/Sprites/Buttons/Long-button-256-64-target.png","Assets/Sprites/Buttons/long-button-256-64-target.png","Long-button-256-64-target.png","long-button-256-64-target.png","ui","family-inferred","1a8f18eebd26d4138b657e9c0bf489f7"
"Assets/Sprites/Buttons/New-game-button-city.png","Assets/Sprites/Buttons/new-game-button-city.png","New-game-button-city.png","new-game-button-city.png","ui","family-inferred","ae6555e138a0046a1a47b4d285d2d085"
"Assets/Sprites/Buttons/New-game-button-pressed.png","Assets/Sprites/Buttons/new-game-button-pressed.png","New-game-button-pressed.png","new-game-button-pressed.png","ui","family-inferred","52f0cbcf9715c4c64baff12fdf0c9aa1"
"Assets/Sprites/Buttons/New-game-button-target-emptyt.png","Assets/Sprites/Buttons/new-game-button-target-emptyt.png","New-game-button-target-emptyt.png","new-game-button-target-emptyt.png","ui","family-inferred","cd37c531106e346d2a48b5f718f5de2d"
"Assets/Sprites/Buttons/New-game-button-target.png","Assets/Sprites/Buttons/new-game-button-target.png","New-game-button-target.png","new-game-button-target.png","ui","family-inferred","ef90e5dbb382748d4a8569bc8aa04a29"
"Assets/Sprites/Buttons/Pause-button-1-64-pressed.png","Assets/Sprites/Buttons/pause-button-1-64-pressed.png","Pause-button-1-64-pressed.png","pause-button-1-64-pressed.png","ui","family-inferred","af2a9e27148534b86b1634932484dea9"
"Assets/Sprites/Buttons/Pause-button-1-64-target.png","Assets/Sprites/Buttons/pause-button-1-64-target.png","Pause-button-1-64-target.png","pause-button-1-64-target.png","ui","family-inferred","5f7ccaa48de094c5b903b6420f2c246c"
"Assets/Sprites/Buttons/Pause-button-1-64.png","Assets/Sprites/Buttons/pause-button-1-64.png","Pause-button-1-64.png","pause-button-1-64.png","ui","family-inferred","6c8d356e5619848639a5ad99fdf8ac1b"
"Assets/Sprites/Buttons/Right-arrow.png","Assets/Sprites/Buttons/right-arrow.png","Right-arrow.png","right-arrow.png","ui","family-inferred","f9b9f9830429448a5bec21c1ea88bd34"
"Assets/Sprites/Buttons/Save-game-button-pressed.png","Assets/Sprites/Buttons/save-game-button-pressed.png","Save-game-button-pressed.png","save-game-button-pressed.png","ui","family-inferred","0981071d072c842e9bb86da264d34ff9"
"Assets/Sprites/Buttons/Save-game-button-target.png","Assets/Sprites/Buttons/save-game-button-target.png","Save-game-button-target.png","save-game-button-target.png","ui","family-inferred","dda627777578c4938a951de391041665"
"Assets/Sprites/Buttons/Speed-1-button-1-64-pressed.png","Assets/Sprites/Buttons/speed-1-button-1-64-pressed.png","Speed-1-button-1-64-pressed.png","speed-1-button-1-64-pressed.png","ui","family-inferred","69be988240f5045c8b6421197fd76412"
"Assets/Sprites/Buttons/Speed-1-button-1-64-target.png","Assets/Sprites/Buttons/speed-1-button-1-64-target.png","Speed-1-button-1-64-target.png","speed-1-button-1-64-target.png","ui","family-inferred","4a2ea7de5bd714935b818421e702e36f"
"Assets/Sprites/Buttons/Speed-2-button-1-64-pressed.png","Assets/Sprites/Buttons/speed-2-button-1-64-pressed.png","Speed-2-button-1-64-pressed.png","speed-2-button-1-64-pressed.png","ui","family-inferred","36279fb66fef9493bb13ebc286a67385"
"Assets/Sprites/Buttons/Speed-2-button-1-64-target.png","Assets/Sprites/Buttons/speed-2-button-1-64-target.png","Speed-2-button-1-64-target.png","speed-2-button-1-64-target.png","ui","family-inferred","69bf36c3202ef4477a8a82212e5214df"
"Assets/Sprites/Buttons/Speed-3-button-1-64-pressed.png","Assets/Sprites/Buttons/speed-3-button-1-64-pressed.png","Speed-3-button-1-64-pressed.png","speed-3-button-1-64-pressed.png","ui","family-inferred","a6ca438e63779486da73cd1cbd9274bb"
"Assets/Sprites/Buttons/Speed-3-button-1-64-target.png","Assets/Sprites/Buttons/speed-3-button-1-64-target.png","Speed-3-button-1-64-target.png","speed-3-button-1-64-target.png","ui","family-inferred","c224a089204aa497ea5377ade46412d5"
"Assets/Sprites/Buttons/Speed-4-button-1-64-pressed.png","Assets/Sprites/Buttons/speed-4-button-1-64-pressed.png","Speed-4-button-1-64-pressed.png","speed-4-button-1-64-pressed.png","ui","family-inferred","d9b44f75be32f442892db63bb9763619"
"Assets/Sprites/Buttons/Speed-4-button-1-64-target.png","Assets/Sprites/Buttons/speed-4-button-1-64-target.png","Speed-4-button-1-64-target.png","speed-4-button-1-64-target.png","ui","family-inferred","3c4f2a86309834ac68a7cc4b98f46ca1"
"Assets/Sprites/Buttons/Stats-button-64-pressed.png","Assets/Sprites/Buttons/stats-button-64-pressed.png","Stats-button-64-pressed.png","stats-button-64-pressed.png","ui","family-inferred","27e08fa7ff3304a7b8ce498604c5c6e5"
"Assets/Sprites/Buttons/Stats-button-64-target.png","Assets/Sprites/Buttons/stats-button-64-target.png","Stats-button-64-target.png","stats-button-64-target.png","ui","family-inferred","fe483338c27124032966e165f89e308b"
"Assets/Sprites/Buttons/Zoom-in-button-1-64-pressed.png","Assets/Sprites/Buttons/zoom-in-button-1-64-pressed.png","Zoom-in-button-1-64-pressed.png","zoom-in-button-1-64-pressed.png","ui","family-inferred","f5c2b03a79a4f4a2fb267f04422899b2"
"Assets/Sprites/Buttons/Zoom-in-button-1-64-target.png","Assets/Sprites/Buttons/zoom-in-button-1-64-target.png","Zoom-in-button-1-64-target.png","zoom-in-button-1-64-target.png","ui","family-inferred","45dd9c9bfb832488d82b2004c81bbe92"
"Assets/Sprites/Buttons/Zoom-out-button-1-64-pressed.png","Assets/Sprites/Buttons/zoom-out-button-1-64-pressed.png","Zoom-out-button-1-64-pressed.png","zoom-out-button-1-64-pressed.png","ui","family-inferred","7ef8e0d51c4da44ebb5c762068eb14c1"
"Assets/Sprites/Buttons/Zoom-out-button-1-64-target.png","Assets/Sprites/Buttons/zoom-out-button-1-64-target.png","Zoom-out-button-1-64-target.png","zoom-out-button-1-64-target.png","ui","family-inferred","f940d768d17f94269bb900b49456607b"
"Assets/Sprites/Cliff/CliffEast.png","Assets/Sprites/Cliff/cliff-east.png","CliffEast.png","cliff-east.png","terrain","family-inferred","540bcc41c7ff147a19351715e6545c42"
"Assets/Sprites/Cliff/CliffSouth.png","Assets/Sprites/Cliff/cliff-south.png","CliffSouth.png","cliff-south.png","terrain","family-inferred","57ce6513fddef496b9ef230e4ba57007"
"Assets/Sprites/Commercial/Commercial-button-64-pressed.png","Assets/Sprites/Commercial/commercial-button-64-pressed.png","Commercial-button-64-pressed.png","commercial-button-64-pressed.png","commercial","family-inferred","fe54dd5b0955846bcb713c62cb9418c9"
"Assets/Sprites/Commercial/Commercial-button-64-target.png","Assets/Sprites/Commercial/commercial-button-64-target.png","Commercial-button-64-target.png","commercial-button-64-target.png","commercial","family-inferred","009fd3daa3f624a7fbaac9c0b1919f40"
"Assets/Sprites/Commercial/Commercial-heavy-zoning-64.png","Assets/Sprites/Commercial/commercial-heavy-zoning-64.png","Commercial-heavy-zoning-64.png","commercial-heavy-zoning-64.png","commercial","family-inferred","3acbea86c09784331bac2d88984f3ee0"
"Assets/Sprites/Commercial/Commercial-light-zoning-64.png","Assets/Sprites/Commercial/commercial-light-zoning-64.png","Commercial-light-zoning-64.png","commercial-light-zoning-64.png","commercial","family-inferred","0a4757295c3c349568f776e9fa4b0034"
"Assets/Sprites/Commercial/Commercial-medium-building-64-1.png","Assets/Sprites/Commercial/commercial-medium-building-64-1.png","Commercial-medium-building-64-1.png","commercial-medium-building-64-1.png","commercial","family-inferred","6a4ef662668a14e0cb4ddfc73e0b4308"
"Assets/Sprites/Commercial/Commercial-medium-zoning-64.png","Assets/Sprites/Commercial/commercial-medium-zoning-64.png","Commercial-medium-zoning-64.png","commercial-medium-zoning-64.png","commercial","family-inferred","40884ea0b87134225899bbdb75b0382e"
"Assets/Sprites/Commercial/Commerciall-zoning-64.png","Assets/Sprites/Commercial/commerciall-zoning-64.png","Commerciall-zoning-64.png","commerciall-zoning-64.png","commercial","family-inferred","d745fa4a56fd94b65bb55f001b3c7fce"
"Assets/Sprites/Commercial/DenseCommercial-tall.png","Assets/Sprites/Commercial/dense-commercial-tall.png","DenseCommercial-tall.png","dense-commercial-tall.png","commercial","family-inferred","bae61bcab086541eb9388ebc9f47d5d5"
"Assets/Sprites/Commercial/DenseCommercialBuilding-1.png","Assets/Sprites/Commercial/dense-commercial-building-1.png","DenseCommercialBuilding-1.png","dense-commercial-building-1.png","commercial","family-inferred","9a0fbe5806ee2434e82feec45a96cb72"
"Assets/Sprites/Commercial/DenseCommercialBuilding-2.png","Assets/Sprites/Commercial/dense-commercial-building-2.png","DenseCommercialBuilding-2.png","dense-commercial-building-2.png","commercial","family-inferred","f25332102910d479ea5c144ed426d1e7"
"Assets/Sprites/Commercial/DenseCommercialBuilding-3.png","Assets/Sprites/Commercial/dense-commercial-building-3.png","DenseCommercialBuilding-3.png","dense-commercial-building-3.png","commercial","family-inferred","fc633c395a833437cbe87eac58b9df26"
"Assets/Sprites/Commercial/DenseCommercialBuilding-3l.png","Assets/Sprites/Commercial/dense-commercial-building-3l.png","DenseCommercialBuilding-3l.png","dense-commercial-building-3l.png","commercial","family-inferred","49b2e0927b8d74c0797a99d15fe5c8f1"
"Assets/Sprites/Commercial/LightCommercialBuilding-2-128.png","Assets/Sprites/Commercial/light-commercial-building-2-128.png","LightCommercialBuilding-2-128.png","light-commercial-building-2-128.png","commercial","family-inferred","6a9f7e767118f486a9a1eed95a2749bf"
"Assets/Sprites/Commercial/LightCommercialZoning_ESlope.png","Assets/Sprites/Commercial/light-commercial-zoning-e-slope.png","LightCommercialZoning_ESlope.png","light-commercial-zoning-e-slope.png","commercial","family-inferred","4f801315d63764a598105064446c53ad"
"Assets/Sprites/Commercial/LightCommercialZoning_NESLope.png","Assets/Sprites/Commercial/light-commercial-zoning-nes-lope.png","LightCommercialZoning_NESLope.png","light-commercial-zoning-nes-lope.png","commercial","family-inferred","e1b15b46beca44d9db3958e4142f7dd8"
"Assets/Sprites/Commercial/LightCommercialZoning_NEUpSlope.png","Assets/Sprites/Commercial/light-commercial-zoning-ne-up-slope.png","LightCommercialZoning_NEUpSlope.png","light-commercial-zoning-ne-up-slope.png","commercial","family-inferred","466e03dd199d24142aab7dea364a573d"
"Assets/Sprites/Commercial/LightCommercialZoning_NSlope.png","Assets/Sprites/Commercial/light-commercial-zoning-n-slope.png","LightCommercialZoning_NSlope.png","light-commercial-zoning-n-slope.png","commercial","family-inferred","a7032b5bc14e4412cb09b36c3636f1dd"
"Assets/Sprites/Commercial/LightCommercialZoning_NWSlope.png","Assets/Sprites/Commercial/light-commercial-zoning-nw-slope.png","LightCommercialZoning_NWSlope.png","light-commercial-zoning-nw-slope.png","commercial","family-inferred","0e7cd37d321964012b97e9fcfd021fd9"
"Assets/Sprites/Commercial/LightCommercialZoning_NWUpSlope.png","Assets/Sprites/Commercial/light-commercial-zoning-nw-up-slope.png","LightCommercialZoning_NWUpSlope.png","light-commercial-zoning-nw-up-slope.png","commercial","family-inferred","0999fac5d751049898a2a9ef735f0f0f"
"Assets/Sprites/Commercial/LightCommercialZoning_SESlope.png","Assets/Sprites/Commercial/light-commercial-zoning-se-slope.png","LightCommercialZoning_SESlope.png","light-commercial-zoning-se-slope.png","commercial","family-inferred","36f9a653a390e46f3b107d4f10df7a09"
"Assets/Sprites/Commercial/LightCommercialZoning_SEUpSlope.png","Assets/Sprites/Commercial/light-commercial-zoning-se-up-slope.png","LightCommercialZoning_SEUpSlope.png","light-commercial-zoning-se-up-slope.png","commercial","family-inferred","2b127e672c90d4f998ddc9b22aca643b"
"Assets/Sprites/Commercial/LightCommercialZoning_SSlope.png","Assets/Sprites/Commercial/light-commercial-zoning-s-slope.png","LightCommercialZoning_SSlope.png","light-commercial-zoning-s-slope.png","commercial","family-inferred","456b079d83c9a4ee698e27ce0f9c7787"
"Assets/Sprites/Commercial/LightCommercialZoning_SWSlope.png","Assets/Sprites/Commercial/light-commercial-zoning-sw-slope.png","LightCommercialZoning_SWSlope.png","light-commercial-zoning-sw-slope.png","commercial","family-inferred","8b76ceb1677504b89a50d87c5b4771b0"
"Assets/Sprites/Commercial/LightCommercialZoning_SWUpSlope.png","Assets/Sprites/Commercial/light-commercial-zoning-sw-up-slope.png","LightCommercialZoning_SWUpSlope.png","light-commercial-zoning-sw-up-slope.png","commercial","family-inferred","d1e540a7667214ed399951eeb694040b"
"Assets/Sprites/Commercial/LightCommercialZoning_WSlope.png","Assets/Sprites/Commercial/light-commercial-zoning-w-slope.png","LightCommercialZoning_WSlope.png","light-commercial-zoning-w-slope.png","commercial","family-inferred","ec67bf6d4375d42d38518fa3307efbf3"
"Assets/Sprites/Commercial/Store-1.png","Assets/Sprites/Commercial/store-1.png","Store-1.png","store-1.png","unknown","needs-manual-review","3d4bf9bfd4fce4279bbee1407fcceb70"
"Assets/Sprites/Commercial/Store-1_ESlope.png","Assets/Sprites/Commercial/store-1-e-slope.png","Store-1_ESlope.png","store-1-e-slope.png","terrain","family-inferred","13fc918ee74cd42079f212d3938708e8"
"Assets/Sprites/Commercial/Store-1_NESLope.png","Assets/Sprites/Commercial/store-1-nes-lope.png","Store-1_NESLope.png","store-1-nes-lope.png","unknown","needs-manual-review","66113c744eeea4ed5ac80e707a55713a"
"Assets/Sprites/Commercial/Store-1_NEUpSlope.png","Assets/Sprites/Commercial/store-1-ne-up-slope.png","Store-1_NEUpSlope.png","store-1-ne-up-slope.png","terrain","family-inferred","57639f4a0885c49aeaac801e7892d395"
"Assets/Sprites/Commercial/Store-1_NSlope.png","Assets/Sprites/Commercial/store-1-n-slope.png","Store-1_NSlope.png","store-1-n-slope.png","terrain","family-inferred","879cbe0646e1f454ea57cb28dacf380d"
"Assets/Sprites/Commercial/Store-1_NWSlope.png","Assets/Sprites/Commercial/store-1-nw-slope.png","Store-1_NWSlope.png","store-1-nw-slope.png","terrain","family-inferred","bfcf596531c4549dcaaf4ac418d4b7ee"
"Assets/Sprites/Commercial/Store-1_NWUpSlope.png","Assets/Sprites/Commercial/store-1-nw-up-slope.png","Store-1_NWUpSlope.png","store-1-nw-up-slope.png","terrain","family-inferred","2bac767d1a05644a6b3f31017ea74550"
"Assets/Sprites/Commercial/Store-1_SESlope.png","Assets/Sprites/Commercial/store-1-se-slope.png","Store-1_SESlope.png","store-1-se-slope.png","terrain","family-inferred","733195bd4ac4041f587914fb2614de11"
"Assets/Sprites/Commercial/Store-1_SEUpSlope.png","Assets/Sprites/Commercial/store-1-se-up-slope.png","Store-1_SEUpSlope.png","store-1-se-up-slope.png","terrain","family-inferred","ac314c2ae96324ca9a8de664cb099f5b"
"Assets/Sprites/Commercial/Store-1_SSlope.png","Assets/Sprites/Commercial/store-1-s-slope.png","Store-1_SSlope.png","store-1-s-slope.png","terrain","family-inferred","b4d8d3caa4a7e429dbfd9c7a29df1b73"
"Assets/Sprites/Commercial/Store-1_SWSlope.png","Assets/Sprites/Commercial/store-1-sw-slope.png","Store-1_SWSlope.png","store-1-sw-slope.png","terrain","family-inferred","90aa15191550a44f4b50cf08950dd67e"
"Assets/Sprites/Commercial/Store-1_SWUpSlope.png","Assets/Sprites/Commercial/store-1-sw-up-slope.png","Store-1_SWUpSlope.png","store-1-sw-up-slope.png","terrain","family-inferred","098c9e7b1a1ad4bfca8937fed31915c1"
"Assets/Sprites/Commercial/Store-1_WSlope.png","Assets/Sprites/Commercial/store-1-w-slope.png","Store-1_WSlope.png","store-1-w-slope.png","terrain","family-inferred","753a8b87a01f24400b24cd2ffacb4b12"
"Assets/Sprites/Concrete-64.png","Assets/Sprites/concrete-64.png","Concrete-64.png","concrete-64.png","unknown","needs-manual-review","3e91841762d164644a6bb957dd28f17a"
"Assets/Sprites/Enviromental/E-slope-forest.png","Assets/Sprites/Enviromental/e-slope-forest.png","E-slope-forest.png","e-slope-forest.png","forest","family-inferred","bb363280351b84c52bb9c82e6205a796"
"Assets/Sprites/Enviromental/Forest-sprites.png","Assets/Sprites/Enviromental/forest-sprites.png","Forest-sprites.png","forest-sprites.png","forest","family-inferred","17ad24c016ae040c6a739692d383314b"
"Assets/Sprites/Enviromental/Forest1-64.png","Assets/Sprites/Enviromental/forest1-64.png","Forest1-64.png","forest1-64.png","forest","family-inferred","61b41ed73b0544db79a49c17ce4d2530"
"Assets/Sprites/Enviromental/N-slope-forest.png","Assets/Sprites/Enviromental/n-slope-forest.png","N-slope-forest.png","n-slope-forest.png","forest","family-inferred","5d715636cf4974168b59d78b24bb7328"
"Assets/Sprites/Enviromental/NE-slope-forest.png","Assets/Sprites/Enviromental/ne-slope-forest.png","NE-slope-forest.png","ne-slope-forest.png","forest","family-inferred","1fcf39b83558f478eb008f3ba3475fc8"
"Assets/Sprites/Enviromental/NE-up-slope-forest.png","Assets/Sprites/Enviromental/ne-up-slope-forest.png","NE-up-slope-forest.png","ne-up-slope-forest.png","forest","family-inferred","eea2e8b6cc41b4fc7a9d38383af1f84b"
"Assets/Sprites/Enviromental/NW-slope-forest.png","Assets/Sprites/Enviromental/nw-slope-forest.png","NW-slope-forest.png","nw-slope-forest.png","forest","family-inferred","8ff281d1dbc854de48aced496312ed1c"
"Assets/Sprites/Enviromental/NW-up-slope-forest.png","Assets/Sprites/Enviromental/nw-up-slope-forest.png","NW-up-slope-forest.png","nw-up-slope-forest.png","forest","family-inferred","ba245a2ebefa5465581f82e8c94d17e7"
"Assets/Sprites/Enviromental/S-slope-forest.png","Assets/Sprites/Enviromental/s-slope-forest.png","S-slope-forest.png","s-slope-forest.png","forest","family-inferred","afcd34178365d40538bc6a18d23440d8"
"Assets/Sprites/Enviromental/SE-slope-forest.png","Assets/Sprites/Enviromental/se-slope-forest.png","SE-slope-forest.png","se-slope-forest.png","forest","family-inferred","6c7fa56b3e67545fe8b0923f5209a43c"
"Assets/Sprites/Enviromental/SE-up-slope-forest.png","Assets/Sprites/Enviromental/se-up-slope-forest.png","SE-up-slope-forest.png","se-up-slope-forest.png","forest","family-inferred","caffc82e787474c9592f559bfc067215"
"Assets/Sprites/Enviromental/SW-slope-forest.png","Assets/Sprites/Enviromental/sw-slope-forest.png","SW-slope-forest.png","sw-slope-forest.png","forest","family-inferred","c8a100e7a95f1434f82df30b7e6d0f19"
"Assets/Sprites/Enviromental/SW-up-slope-forest.png","Assets/Sprites/Enviromental/sw-up-slope-forest.png","SW-up-slope-forest.png","sw-up-slope-forest.png","forest","family-inferred","a94549588fea744348ea86264cb65141"
"Assets/Sprites/Enviromental/W-slope-forest.png","Assets/Sprites/Enviromental/w-slope-forest.png","W-slope-forest.png","w-slope-forest.png","forest","family-inferred","38519a8863c43462fb36f95e9bb67d88"
"Assets/Sprites/Grass/Grass-1-192.png","Assets/Sprites/Grass/grass-1-192.png","Grass-1-192.png","grass-1-192.png","terrain","family-inferred","fdc2b3e3f242f46d185315df9d10ae16"
"Assets/Sprites/Grass/Grass1-128.png","Assets/Sprites/Grass/grass1-128.png","Grass1-128.png","grass1-128.png","terrain","family-inferred","c98dedd7e982443758a41ae93a76b452"
"Assets/Sprites/Grass/Grass1-64-2.png","Assets/Sprites/Grass/grass1-64-2.png","Grass1-64-2.png","grass1-64-2.png","terrain","family-inferred","1e8dc177708574c0db67fcbfb92770f5"
"Assets/Sprites/Grass/Grass1-64.png","Assets/Sprites/Grass/grass1-64.png","Grass1-64.png","grass1-64.png","terrain","family-inferred","3e54019e00fad4a26ae3ec17494c9d55"
"Assets/Sprites/Grass/Grass1.png","Assets/Sprites/Grass/grass1.png","Grass1.png","grass1.png","terrain","family-inferred","20aa0b345da774e448de6b3c5799d88b"
"Assets/Sprites/Industrial/HeavyIndustrialBuilding-1-192.png","Assets/Sprites/Industrial/heavy-industrial-building-1-192.png","HeavyIndustrialBuilding-1-192.png","heavy-industrial-building-1-192.png","industrial","family-inferred","46643f707bb404185b0c7e81c243cee9"
"Assets/Sprites/Industrial/Industrial-Sprites-1.png","Assets/Sprites/Industrial/industrial-sprites-1.png","Industrial-Sprites-1.png","industrial-sprites-1.png","industrial","family-inferred","1ecf41cb6b88c46719a02c25a086a880"
"Assets/Sprites/Industrial/Industrial-heavy-zoning-64.png","Assets/Sprites/Industrial/industrial-heavy-zoning-64.png","Industrial-heavy-zoning-64.png","industrial-heavy-zoning-64.png","industrial","family-inferred","de80f9e4de5e44fc4882a52c136621e3"
"Assets/Sprites/Industrial/Industrial-light-building-64.png","Assets/Sprites/Industrial/industrial-light-building-64.png","Industrial-light-building-64.png","industrial-light-building-64.png","industrial","family-inferred","ad6fd5c0546984eae996829738e798c8"
"Assets/Sprites/Industrial/Industrial-light-zoning-64.png","Assets/Sprites/Industrial/industrial-light-zoning-64.png","Industrial-light-zoning-64.png","industrial-light-zoning-64.png","industrial","family-inferred","c4623aa14589947219e9c775c78b575e"
"Assets/Sprites/Industrial/Industrial-medium-zoning-64.png","Assets/Sprites/Industrial/industrial-medium-zoning-64.png","Industrial-medium-zoning-64.png","industrial-medium-zoning-64.png","industrial","family-inferred","f5d831c458e784f96a0841ca38fda99b"
"Assets/Sprites/Industrial/Industrial-zoning-64.png","Assets/Sprites/Industrial/industrial-zoning-64.png","Industrial-zoning-64.png","industrial-zoning-64.png","industrial","family-inferred","8e1faef46f7eb4e3eb74d29bda3ab101"
"Assets/Sprites/Industrial/LightIndustrialZoning_ESlope.png","Assets/Sprites/Industrial/light-industrial-zoning-e-slope.png","LightIndustrialZoning_ESlope.png","light-industrial-zoning-e-slope.png","industrial","family-inferred","f54ce2a8e8c714d9cb185c198dcf1c16"
"Assets/Sprites/Industrial/LightIndustrialZoning_NESLope.png","Assets/Sprites/Industrial/light-industrial-zoning-nes-lope.png","LightIndustrialZoning_NESLope.png","light-industrial-zoning-nes-lope.png","industrial","family-inferred","1a5f344eb99424e80a837f49c0974cb8"
"Assets/Sprites/Industrial/LightIndustrialZoning_NEUpSlope.png","Assets/Sprites/Industrial/light-industrial-zoning-ne-up-slope.png","LightIndustrialZoning_NEUpSlope.png","light-industrial-zoning-ne-up-slope.png","industrial","family-inferred","da425d5c7eb484221bdcf09c5fc50cd8"
"Assets/Sprites/Industrial/LightIndustrialZoning_NSlope.png","Assets/Sprites/Industrial/light-industrial-zoning-n-slope.png","LightIndustrialZoning_NSlope.png","light-industrial-zoning-n-slope.png","industrial","family-inferred","b2454887756a0432d9b5e4642c7ee303"
"Assets/Sprites/Industrial/LightIndustrialZoning_NWSlope.png","Assets/Sprites/Industrial/light-industrial-zoning-nw-slope.png","LightIndustrialZoning_NWSlope.png","light-industrial-zoning-nw-slope.png","industrial","family-inferred","c27aa8071a552494c81f8b8c74df8941"
"Assets/Sprites/Industrial/LightIndustrialZoning_NWUpSlope.png","Assets/Sprites/Industrial/light-industrial-zoning-nw-up-slope.png","LightIndustrialZoning_NWUpSlope.png","light-industrial-zoning-nw-up-slope.png","industrial","family-inferred","015ce7bb712a14a1182e3d55bc9b5303"
"Assets/Sprites/Industrial/LightIndustrialZoning_SESlope.png","Assets/Sprites/Industrial/light-industrial-zoning-se-slope.png","LightIndustrialZoning_SESlope.png","light-industrial-zoning-se-slope.png","industrial","family-inferred","e5a53d41c48964253a1774149c84679e"
"Assets/Sprites/Industrial/LightIndustrialZoning_SEUpSlope.png","Assets/Sprites/Industrial/light-industrial-zoning-se-up-slope.png","LightIndustrialZoning_SEUpSlope.png","light-industrial-zoning-se-up-slope.png","industrial","family-inferred","b725d8c9db8c240a7983e0caf0a47ed4"
"Assets/Sprites/Industrial/LightIndustrialZoning_SSlope.png","Assets/Sprites/Industrial/light-industrial-zoning-s-slope.png","LightIndustrialZoning_SSlope.png","light-industrial-zoning-s-slope.png","industrial","family-inferred","75f5657cae02a4aeb8ecd279380eb164"
"Assets/Sprites/Industrial/LightIndustrialZoning_SWSlope.png","Assets/Sprites/Industrial/light-industrial-zoning-sw-slope.png","LightIndustrialZoning_SWSlope.png","light-industrial-zoning-sw-slope.png","industrial","family-inferred","84bbd8b42930b4062878aca1e1d8779f"
"Assets/Sprites/Industrial/LightIndustrialZoning_SWUpSlope.png","Assets/Sprites/Industrial/light-industrial-zoning-sw-up-slope.png","LightIndustrialZoning_SWUpSlope.png","light-industrial-zoning-sw-up-slope.png","industrial","family-inferred","4f2f4ebf23f164a8f9b348ea675d5039"
"Assets/Sprites/Industrial/LightIndustrialZoning_WSlope.png","Assets/Sprites/Industrial/light-industrial-zoning-w-slope.png","LightIndustrialZoning_WSlope.png","light-industrial-zoning-w-slope.png","industrial","family-inferred","5ff5e3c7ddd3246a39076b9a47fd430e"
"Assets/Sprites/Industrial/MediumIndustrialBuilding-1-128.png","Assets/Sprites/Industrial/medium-industrial-building-1-128.png","MediumIndustrialBuilding-1-128.png","medium-industrial-building-1-128.png","industrial","family-inferred","2e4f0f597a64c48879be0548c7d3808d"
"Assets/Sprites/Industrial/MediumIndustrialZoning-1-128.png","Assets/Sprites/Industrial/medium-industrial-zoning-1-128.png","MediumIndustrialZoning-1-128.png","medium-industrial-zoning-1-128.png","industrial","family-inferred","8461389ed12954d04a7722638db7f4ec"
"Assets/Sprites/Industrial-button-64-pressed..png","Assets/Sprites/industrial-button-64-pressed.png","Industrial-button-64-pressed..png","industrial-button-64-pressed.png","industrial","family-inferred","2d216d3217f07497795abd998b7bd4fb"
"Assets/Sprites/Industrial-button-64-pressed.png","Assets/Sprites/industrial-button-64-pressed.png","Industrial-button-64-pressed.png","industrial-button-64-pressed.png","industrial","family-inferred","f4d4321a3dff14298926e2b90e2d2872"
"Assets/Sprites/Industrial-button-64-target.png","Assets/Sprites/industrial-button-64-target.png","Industrial-button-64-target.png","industrial-button-64-target.png","industrial","family-inferred","7af8319f252ff489788539f65520a3ee"
"Assets/Sprites/Power-buildings-button-64-pressed.png","Assets/Sprites/power-buildings-button-64-pressed.png","Power-buildings-button-64-pressed.png","power-buildings-button-64-pressed.png","power","family-inferred","b88763c31ac22407580ca66c25ddf998"
"Assets/Sprites/Power-buildings-button-64-target-2.png","Assets/Sprites/power-buildings-button-64-target-2.png","Power-buildings-button-64-target-2.png","power-buildings-button-64-target-2.png","power","family-inferred","dd186677086da4eb38abfa129f330484"
"Assets/Sprites/Power-buildings-button-64-target.png","Assets/Sprites/power-buildings-button-64-target.png","Power-buildings-button-64-target.png","power-buildings-button-64-target.png","power","family-inferred","826d3dba7c1574a4192c01fa9977578c"
"Assets/Sprites/Power-plant-1.png","Assets/Sprites/power-plant-1.png","Power-plant-1.png","power-plant-1.png","power","family-inferred","bfd2cdc7f5ca347a18ecbb987f771e8d"
"Assets/Sprites/Power-plant-Nuclear-1.png","Assets/Sprites/power-plant-nuclear-1.png","Power-plant-Nuclear-1.png","power-plant-nuclear-1.png","power","family-inferred","dbb2b340bb4df4491ba30529d03d52fe"
"Assets/Sprites/Power-plant-Nuclear-2.png","Assets/Sprites/power-plant-nuclear-2.png","Power-plant-Nuclear-2.png","power-plant-nuclear-2.png","power","family-inferred","4c9d816f505bc44eca755f94199c3b57"
"Assets/Sprites/Power-plant-Nuclear-3.png","Assets/Sprites/power-plant-nuclear-3.png","Power-plant-Nuclear-3.png","power-plant-nuclear-3.png","power","family-inferred","87202677c19e74ae5ba5e558fe8494fe"
"Assets/Sprites/Power-plant-Nuclear-4.png","Assets/Sprites/power-plant-nuclear-4.png","Power-plant-Nuclear-4.png","power-plant-nuclear-4.png","power","family-inferred","a5550eeef9aa44d6e9483bf4f4b69f72"
"Assets/Sprites/Residential/HeavyResidentialBuilding-1-64.png","Assets/Sprites/Residential/heavy-residential-building-1-64.png","HeavyResidentialBuilding-1-64.png","heavy-residential-building-1-64.png","residential","family-inferred","5760928787d3347f69f13647081f037f"
"Assets/Sprites/Residential/House1-64.png","Assets/Sprites/Residential/house1-64.png","House1-64.png","house1-64.png","residential","family-inferred","7e7dc1be4c42846d08952e19eca144e5"
"Assets/Sprites/Residential/House1-64_ESlope.png","Assets/Sprites/Residential/house1-64-e-slope.png","House1-64_ESlope.png","house1-64-e-slope.png","residential","family-inferred","c26f62b2cd6504e1ebe522ab6ca27755"
"Assets/Sprites/Residential/House1-64_NESLope.png","Assets/Sprites/Residential/house1-64-nes-lope.png","House1-64_NESLope.png","house1-64-nes-lope.png","residential","family-inferred","f9cf315c0e9f84b68aa301ee0745380e"
"Assets/Sprites/Residential/House1-64_NEUpSlope.png","Assets/Sprites/Residential/house1-64-ne-up-slope.png","House1-64_NEUpSlope.png","house1-64-ne-up-slope.png","residential","family-inferred","64ee5523d2a2b4e749d93cebee12d9e8"
"Assets/Sprites/Residential/House1-64_NSlope.png","Assets/Sprites/Residential/house1-64-n-slope.png","House1-64_NSlope.png","house1-64-n-slope.png","residential","family-inferred","61d774a6b12344c39ba4b2b8625cf75d"
"Assets/Sprites/Residential/House1-64_NWSlope.png","Assets/Sprites/Residential/house1-64-nw-slope.png","House1-64_NWSlope.png","house1-64-nw-slope.png","residential","family-inferred","92f74e7b134be4771ad8b1e9f64f78c8"
"Assets/Sprites/Residential/House1-64_NWUpSlope.png","Assets/Sprites/Residential/house1-64-nw-up-slope.png","House1-64_NWUpSlope.png","house1-64-nw-up-slope.png","residential","family-inferred","9f5971e5648ec4e388c0ee2376458820"
"Assets/Sprites/Residential/House1-64_SESlope.png","Assets/Sprites/Residential/house1-64-se-slope.png","House1-64_SESlope.png","house1-64-se-slope.png","residential","family-inferred","802d73ca6d4dd4eb384171d0b34462f4"
"Assets/Sprites/Residential/House1-64_SEUpSlope.png","Assets/Sprites/Residential/house1-64-se-up-slope.png","House1-64_SEUpSlope.png","house1-64-se-up-slope.png","residential","family-inferred","3d9d40f35946b4de5b72fee7772a5b8f"
"Assets/Sprites/Residential/House1-64_SSlope.png","Assets/Sprites/Residential/house1-64-s-slope.png","House1-64_SSlope.png","house1-64-s-slope.png","residential","family-inferred","8490e4e25280d4935b69b6d6288f5f33"
"Assets/Sprites/Residential/House1-64_SWSLope.png","Assets/Sprites/Residential/house1-64-sws-lope.png","House1-64_SWSLope.png","house1-64-sws-lope.png","residential","family-inferred","0b8d6f7654eaa47a38d0069ba3a2a677"
"Assets/Sprites/Residential/House1-64_SWUpSlope.png","Assets/Sprites/Residential/house1-64-sw-up-slope.png","House1-64_SWUpSlope.png","house1-64-sw-up-slope.png","residential","family-inferred","9c8cc85d3001144aaad701280c32ebe7"
"Assets/Sprites/Residential/House1-64_WSlope.png","Assets/Sprites/Residential/house1-64-w-slope.png","House1-64_WSlope.png","house1-64-w-slope.png","residential","family-inferred","867f1e07abc0141e0a942b61ff741841"
"Assets/Sprites/Residential/House1.png","Assets/Sprites/Residential/house1.png","House1.png","house1.png","residential","family-inferred","96cd25419744946a2b80474d391ba763"
"Assets/Sprites/Residential/LightResidentialBuilding-2-128.png","Assets/Sprites/Residential/light-residential-building-2-128.png","LightResidentialBuilding-2-128.png","light-residential-building-2-128.png","residential","family-inferred","43dfa5fb6812241f5818967319d86301"
"Assets/Sprites/Residential/LightResidentialZoning_ESlope.png","Assets/Sprites/Residential/light-residential-zoning-e-slope.png","LightResidentialZoning_ESlope.png","light-residential-zoning-e-slope.png","residential","family-inferred","15261c3248d4440f5ab829ceb4e06e33"
"Assets/Sprites/Residential/LightResidentialZoning_NESLope.png","Assets/Sprites/Residential/light-residential-zoning-nes-lope.png","LightResidentialZoning_NESLope.png","light-residential-zoning-nes-lope.png","residential","family-inferred","31b3546e0fdb249b182b58544f74606f"
"Assets/Sprites/Residential/LightResidentialZoning_NEUpSlope.png","Assets/Sprites/Residential/light-residential-zoning-ne-up-slope.png","LightResidentialZoning_NEUpSlope.png","light-residential-zoning-ne-up-slope.png","residential","family-inferred","d103ef30e845a4306b77af6099088676"
"Assets/Sprites/Residential/LightResidentialZoning_NSlope.png","Assets/Sprites/Residential/light-residential-zoning-n-slope.png","LightResidentialZoning_NSlope.png","light-residential-zoning-n-slope.png","residential","family-inferred","7be73112979a941cb901b9c17ef6d92c"
"Assets/Sprites/Residential/LightResidentialZoning_NWSlope.png","Assets/Sprites/Residential/light-residential-zoning-nw-slope.png","LightResidentialZoning_NWSlope.png","light-residential-zoning-nw-slope.png","residential","family-inferred","7b07ffa50a3b8419385209e40521d479"
"Assets/Sprites/Residential/LightResidentialZoning_NWUpSlope.png","Assets/Sprites/Residential/light-residential-zoning-nw-up-slope.png","LightResidentialZoning_NWUpSlope.png","light-residential-zoning-nw-up-slope.png","residential","family-inferred","dc33255c65886470eb9a181b51b1141c"
"Assets/Sprites/Residential/LightResidentialZoning_SESlope.png","Assets/Sprites/Residential/light-residential-zoning-se-slope.png","LightResidentialZoning_SESlope.png","light-residential-zoning-se-slope.png","residential","family-inferred","3bc3fdbf63e864626bd2b7c4861380ad"
"Assets/Sprites/Residential/LightResidentialZoning_SEUpSlope.png","Assets/Sprites/Residential/light-residential-zoning-se-up-slope.png","LightResidentialZoning_SEUpSlope.png","light-residential-zoning-se-up-slope.png","residential","family-inferred","66f01da63bf32451ab7d3ee4049b0760"
"Assets/Sprites/Residential/LightResidentialZoning_SSlope.png","Assets/Sprites/Residential/light-residential-zoning-s-slope.png","LightResidentialZoning_SSlope.png","light-residential-zoning-s-slope.png","residential","family-inferred","32814afb366a9487fb9869fb9cab8759"
"Assets/Sprites/Residential/LightResidentialZoning_SWSlope.png","Assets/Sprites/Residential/light-residential-zoning-sw-slope.png","LightResidentialZoning_SWSlope.png","light-residential-zoning-sw-slope.png","residential","family-inferred","86e414db65b6745ce8d775d5fd683b25"
"Assets/Sprites/Residential/LightResidentialZoning_SWUpSlope.png","Assets/Sprites/Residential/light-residential-zoning-sw-up-slope.png","LightResidentialZoning_SWUpSlope.png","light-residential-zoning-sw-up-slope.png","residential","family-inferred","54fe886ea27af4ae9b53c79911e86e65"
"Assets/Sprites/Residential/LightResidentialZoning_WSlope.png","Assets/Sprites/Residential/light-residential-zoning-w-slope.png","LightResidentialZoning_WSlope.png","light-residential-zoning-w-slope.png","residential","family-inferred","4b054cfe3b2504665807bb07df489b00"
"Assets/Sprites/Residential/MediumResidentialBuilding-2-128.png","Assets/Sprites/Residential/medium-residential-building-2-128.png","MediumResidentialBuilding-2-128.png","medium-residential-building-2-128.png","residential","family-inferred","5c1acd6a252fc4c379a8e962ac0f66d2"
"Assets/Sprites/Residential/Residential-assets.png","Assets/Sprites/Residential/residential-assets.png","Residential-assets.png","residential-assets.png","residential","family-inferred","b64b326c3d49240ee8558b3f4cb15da5"
"Assets/Sprites/Residential/Residential-button-64-pressed.png","Assets/Sprites/Residential/residential-button-64-pressed.png","Residential-button-64-pressed.png","residential-button-64-pressed.png","residential","family-inferred","402f4eb4cdfce4fb3aba8ef813877d99"
"Assets/Sprites/Residential/Residential-button-64-target.png","Assets/Sprites/Residential/residential-button-64-target.png","Residential-button-64-target.png","residential-button-64-target.png","residential","family-inferred","8f05c0adac9a3452689b3792ec390f2e"
"Assets/Sprites/Residential/Residential-heavy-zoning-64.png","Assets/Sprites/Residential/residential-heavy-zoning-64.png","Residential-heavy-zoning-64.png","residential-heavy-zoning-64.png","residential","family-inferred","2bc91073ff7cd49d2a5eca0f2c6d487b"
"Assets/Sprites/Residential/Residential-light-zoning-64.png","Assets/Sprites/Residential/residential-light-zoning-64.png","Residential-light-zoning-64.png","residential-light-zoning-64.png","residential","family-inferred","34135603a4f1b477bb95e4d6c3afeb4a"
"Assets/Sprites/Residential/Residential-medium-building-64-2.png","Assets/Sprites/Residential/residential-medium-building-64-2.png","Residential-medium-building-64-2.png","residential-medium-building-64-2.png","residential","family-inferred","c448848b536ba4a968dd28efe9466310"
"Assets/Sprites/Residential/Residential-medium-zoning-64.png","Assets/Sprites/Residential/residential-medium-zoning-64.png","Residential-medium-zoning-64.png","residential-medium-zoning-64.png","residential","family-inferred","d01ced24bf4ab4a41a191ee660ec2063"
"Assets/Sprites/Residential/Residential-zoning-64.png","Assets/Sprites/Residential/residential-zoning-64.png","Residential-zoning-64.png","residential-zoning-64.png","residential","family-inferred","ada76e2b1f1854f0a82e09384271cbfb"
"Assets/Sprites/Road-1-1-bridge.png","Assets/Sprites/road-1-1-bridge.png","Road-1-1-bridge.png","road-1-1-bridge.png","roads","family-inferred","82ef4ad69607640a9bd7af0261df5e7e"
"Assets/Sprites/Road-1-1.png","Assets/Sprites/road-1-1.png","Road-1-1.png","road-1-1.png","roads","family-inferred","e8ab9d330ac724136be86c56ed75702a"
"Assets/Sprites/Road-1-2-bridge.png","Assets/Sprites/road-1-2-bridge.png","Road-1-2-bridge.png","road-1-2-bridge.png","roads","family-inferred","5a80bb6b2a3eb4d12b941cd0a9646470"
"Assets/Sprites/Road-1-2.png","Assets/Sprites/road-1-2.png","Road-1-2.png","road-1-2.png","roads","family-inferred","6d06b507105f545ab8f712def38c72a8"
"Assets/Sprites/Road-T-1.png","Assets/Sprites/road-t-1.png","Road-T-1.png","road-t-1.png","roads","family-inferred","0207dae345b8148c0a58c647d54c4c56"
"Assets/Sprites/Road-T-2.png","Assets/Sprites/road-t-2.png","Road-T-2.png","road-t-2.png","roads","family-inferred","b32636a60715c486dad235e7678674d6"
"Assets/Sprites/Road-T-3.png","Assets/Sprites/road-t-3.png","Road-T-3.png","road-t-3.png","roads","family-inferred","0190842795b66485ea74a23d96e48800"
"Assets/Sprites/Road-T-4.png","Assets/Sprites/road-t-4.png","Road-T-4.png","road-t-4.png","roads","family-inferred","7557f8bc8eac741119bf4356d3380c91"
"Assets/Sprites/Road-crossing-1.png","Assets/Sprites/road-crossing-1.png","Road-crossing-1.png","road-crossing-1.png","roads","family-inferred","2648fe45ec2f641eca9940171864de4b"
"Assets/Sprites/Road-elbow-1.png","Assets/Sprites/road-elbow-1.png","Road-elbow-1.png","road-elbow-1.png","roads","family-inferred","ed5fd39cd28a04a72a683dffdcebed87"
"Assets/Sprites/Road-elbow-2.png","Assets/Sprites/road-elbow-2.png","Road-elbow-2.png","road-elbow-2.png","roads","family-inferred","12e905e92bf8a4298a96ef5abd4693d4"
"Assets/Sprites/Road-elbow-3.png","Assets/Sprites/road-elbow-3.png","Road-elbow-3.png","road-elbow-3.png","roads","family-inferred","8b79e89a5c7a94252ac0c2425c013906"
"Assets/Sprites/Road-elbow-4.png","Assets/Sprites/road-elbow-4.png","Road-elbow-4.png","road-elbow-4.png","roads","family-inferred","55bf960e0dc354289860b9954768cd44"
"Assets/Sprites/Road-map.png","Assets/Sprites/road-map.png","Road-map.png","road-map.png","roads","family-inferred","1596108c0853a47afb1462679e8cc24d"
"Assets/Sprites/Road-map2.png","Assets/Sprites/road-map2.png","Road-map2.png","road-map2.png","roads","family-inferred","295c9f3ed1c5a497783768ed019ea61c"
"Assets/Sprites/Roads/E-slope-road.png","Assets/Sprites/Roads/e-slope-road.png","E-slope-road.png","e-slope-road.png","roads","family-inferred","31ad23ca44a14424aa076ea95a7c841c"
"Assets/Sprites/Roads/N-slope-road.png","Assets/Sprites/Roads/n-slope-road.png","N-slope-road.png","n-slope-road.png","roads","family-inferred","78bd644f3bed341319320e1cab04215b"
"Assets/Sprites/Roads/S-slope-road.png","Assets/Sprites/Roads/s-slope-road.png","S-slope-road.png","s-slope-road.png","roads","family-inferred","1e89ccc4cda0b4429950faf8140449b9"
"Assets/Sprites/Roads-button-64-2-pressed.png","Assets/Sprites/roads-button-64-2-pressed.png","Roads-button-64-2-pressed.png","roads-button-64-2-pressed.png","roads","family-inferred","a392fc51280fa481d88a04f87c2f319c"
"Assets/Sprites/Roads-button-64-pressed.png","Assets/Sprites/roads-button-64-pressed.png","Roads-button-64-pressed.png","roads-button-64-pressed.png","roads","family-inferred","fca926d9cf1754250ac4c152b1aca308"
"Assets/Sprites/Roads-button-64-target.png","Assets/Sprites/roads-button-64-target.png","Roads-button-64-target.png","roads-button-64-target.png","roads","family-inferred","19b6332b50eb8480a86bc36466a341cf"
"Assets/Sprites/Slopes/E-slope-water.png","Assets/Sprites/Slopes/e-slope-water.png","E-slope-water.png","e-slope-water.png","terrain","family-inferred","3834622a3573e4a2eb738b206a89a678"
"Assets/Sprites/Slopes/E-slope.png","Assets/Sprites/Slopes/e-slope.png","E-slope.png","e-slope.png","terrain","family-inferred","c4fb70600a52f4f14ad34c750f68bf26"
"Assets/Sprites/Slopes/N-slope-water.png","Assets/Sprites/Slopes/n-slope-water.png","N-slope-water.png","n-slope-water.png","terrain","family-inferred","63dfdf366393c418287209270c65f99b"
"Assets/Sprites/Slopes/N-slope.png","Assets/Sprites/Slopes/n-slope.png","N-slope.png","n-slope.png","terrain","family-inferred","109077b7c69e04d51868c7878db3418b"
"Assets/Sprites/Slopes/NE-bay-slope.png","Assets/Sprites/Slopes/ne-bay-slope.png","NE-bay-slope.png","ne-bay-slope.png","terrain","family-inferred","3e3cd3ebc6d95415c83e206c5111478b"
"Assets/Sprites/Slopes/NE-slope-water.png","Assets/Sprites/Slopes/ne-slope-water.png","NE-slope-water.png","ne-slope-water.png","terrain","family-inferred","ac3f0f396f42541eeaa77fc64b353ffa"
"Assets/Sprites/Slopes/NE-slope.png","Assets/Sprites/Slopes/ne-slope.png","NE-slope.png","ne-slope.png","terrain","family-inferred","c8ef533b745b64e30b789cf5704ebbf3"
"Assets/Sprites/Slopes/NE-up-slope-water.png","Assets/Sprites/Slopes/ne-up-slope-water.png","NE-up-slope-water.png","ne-up-slope-water.png","terrain","family-inferred","efdb57418edac48dea84f9f14643643b"
"Assets/Sprites/Slopes/NE-up-slope.png","Assets/Sprites/Slopes/ne-up-slope.png","NE-up-slope.png","ne-up-slope.png","terrain","family-inferred","a8e1c491fdb834574a8d8a204592a266"
"Assets/Sprites/Slopes/NW-bay-slope-2.png","Assets/Sprites/Slopes/nw-bay-slope-2.png","NW-bay-slope-2.png","nw-bay-slope-2.png","terrain","family-inferred","692352476d3bc449fa59056696fccd63"
"Assets/Sprites/Slopes/NW-bay-slope.png","Assets/Sprites/Slopes/nw-bay-slope.png","NW-bay-slope.png","nw-bay-slope.png","terrain","family-inferred","ad6b83a2385d0483fa43a1819190bc84"
"Assets/Sprites/Slopes/NW-slope-water.png","Assets/Sprites/Slopes/nw-slope-water.png","NW-slope-water.png","nw-slope-water.png","terrain","family-inferred","637d0c3610691490cadec3d37c519ebf"
"Assets/Sprites/Slopes/NW-slope.png","Assets/Sprites/Slopes/nw-slope.png","NW-slope.png","nw-slope.png","terrain","family-inferred","65b9a0289617e4261af9041273b09a15"
"Assets/Sprites/Slopes/NW-up-slope-water.png","Assets/Sprites/Slopes/nw-up-slope-water.png","NW-up-slope-water.png","nw-up-slope-water.png","terrain","family-inferred","12c897dc6552549858101dae81f44ea2"
"Assets/Sprites/Slopes/NW-up-slope.png","Assets/Sprites/Slopes/nw-up-slope.png","NW-up-slope.png","nw-up-slope.png","terrain","family-inferred","8f71bc7891c6442c5910a16806d3b301"
"Assets/Sprites/Slopes/S-slope-water.png","Assets/Sprites/Slopes/s-slope-water.png","S-slope-water.png","s-slope-water.png","terrain","family-inferred","856c88de66e0749ce85d66fc03c2f1fb"
"Assets/Sprites/Slopes/S-slope.png","Assets/Sprites/Slopes/s-slope.png","S-slope.png","s-slope.png","terrain","family-inferred","b6e91692c541046d8b8545960ca6b420"
"Assets/Sprites/Slopes/SE-bay-slope.png","Assets/Sprites/Slopes/se-bay-slope.png","SE-bay-slope.png","se-bay-slope.png","terrain","family-inferred","7006ca03bb9e94af084b6f1710e1b8cd"
"Assets/Sprites/Slopes/SE-slope-water.png","Assets/Sprites/Slopes/se-slope-water.png","SE-slope-water.png","se-slope-water.png","terrain","family-inferred","d74fe4936fe2447c5bc7f12f0b2bd86a"
"Assets/Sprites/Slopes/SE-slope.png","Assets/Sprites/Slopes/se-slope.png","SE-slope.png","se-slope.png","terrain","family-inferred","9431a471f88204e46b26da1aabf644de"
"Assets/Sprites/Slopes/SE-up-slope-water.png","Assets/Sprites/Slopes/se-up-slope-water.png","SE-up-slope-water.png","se-up-slope-water.png","terrain","family-inferred","c8e422014f1c0407b8a8bc48ffc751c4"
"Assets/Sprites/Slopes/SE-up-slope.png","Assets/Sprites/Slopes/se-up-slope.png","SE-up-slope.png","se-up-slope.png","terrain","family-inferred","2fa771f955c7e4438ae8ecd672bd7c55"
"Assets/Sprites/Slopes/SW-bay-slope.png","Assets/Sprites/Slopes/sw-bay-slope.png","SW-bay-slope.png","sw-bay-slope.png","terrain","family-inferred","b7c1b52f7518a47a2842cda66237666c"
"Assets/Sprites/Slopes/SW-slope-water.png","Assets/Sprites/Slopes/sw-slope-water.png","SW-slope-water.png","sw-slope-water.png","terrain","family-inferred","771abb2167aca427aabff2c49cd1ba1b"
"Assets/Sprites/Slopes/SW-slope.png","Assets/Sprites/Slopes/sw-slope.png","SW-slope.png","sw-slope.png","terrain","family-inferred","3b00959100b1440af99bd6517c5c11e4"
"Assets/Sprites/Slopes/SW-up-slope-water.png","Assets/Sprites/Slopes/sw-up-slope-water.png","SW-up-slope-water.png","sw-up-slope-water.png","terrain","family-inferred","ab029eba348bd4f64b3f711b31f6c205"
"Assets/Sprites/Slopes/SW-up-slope.png","Assets/Sprites/Slopes/sw-up-slope.png","SW-up-slope.png","sw-up-slope.png","terrain","family-inferred","982e94dfdd3b84fe691b81b952b4ac22"
"Assets/Sprites/Slopes/W-slope-water.png","Assets/Sprites/Slopes/w-slope-water.png","W-slope-water.png","w-slope-water.png","terrain","family-inferred","e3d947abbb4b44a1ebb1caa01de0f0c2"
"Assets/Sprites/Slopes/W-slope.png","Assets/Sprites/Slopes/w-slope.png","W-slope.png","w-slope.png","terrain","family-inferred","34c53666dc9f541bb82c9062665fbe62"
"Assets/Sprites/Water/CliffEastWater.png","Assets/Sprites/Water/cliff-east-water.png","CliffEastWater.png","cliff-east-water.png","water","family-inferred","9203f13a209ad464eaa62dddfc378aae"
"Assets/Sprites/Water/CliffSouthWater.png","Assets/Sprites/Water/cliff-south-water.png","CliffSouthWater.png","cliff-south-water.png","water","family-inferred","d07538056bcda4558a10f280a5f61e6f"
"Assets/Sprites/Water/Sea-level-1-64.png","Assets/Sprites/Water/sea-level-1-64.png","Sea-level-1-64.png","sea-level-1-64.png","unknown","needs-manual-review","2d41e6a9af5884540a99a07bd58cacc3"
"Assets/Sprites/Water/Water1-64.png","Assets/Sprites/Water/water1-64.png","Water1-64.png","water1-64.png","water","family-inferred","436689d6b7f0b407c98526beec23b2f7"
"Assets/Sprites/Water-buildings-button-64-pressed.png","Assets/Sprites/water-buildings-button-64-pressed.png","Water-buildings-button-64-pressed.png","water-buildings-button-64-pressed.png","water","family-inferred","e9907b3fbbf2e4f6c9a85ba951026e3c"
"Assets/Sprites/Water-buildings-button-64-target.png","Assets/Sprites/water-buildings-button-64-target.png","Water-buildings-button-64-target.png","water-buildings-button-64-target.png","water","family-inferred","830b2e3124f214e6abcc973dc9d00364"
"Assets/Sprites/WaterPlant/WaterPlant-1-128.png","Assets/Sprites/WaterPlant/water-plant-1-128.png","WaterPlant-1-128.png","water-plant-1-128.png","water","family-inferred","df0a468f0e820464d95ccc56a8ea4558"
"Assets/Prefabs/Audio/BlipBootstrap.prefab","Assets/Prefabs/Audio/blip-bootstrap.prefab","BlipBootstrap.prefab","blip-bootstrap.prefab","unknown","needs-manual-review","14c71a5b2b8f40b4bcaaa26048037ebb"
"Assets/Prefabs/Buildings/NuclearPowerPlant1.prefab","Assets/Prefabs/Buildings/nuclear-power-plant1.prefab","NuclearPowerPlant1.prefab","nuclear-power-plant1.prefab","power","family-inferred","912388d7937ad48d080bc864191c3fec"
"Assets/Prefabs/Buildings/NuclearPowerPlant2.prefab","Assets/Prefabs/Buildings/nuclear-power-plant2.prefab","NuclearPowerPlant2.prefab","nuclear-power-plant2.prefab","power","family-inferred","3effd70341c0c41f7a7bd2a6b581e945"
"Assets/Prefabs/Buildings/NuclearPowerPlant3.prefab","Assets/Prefabs/Buildings/nuclear-power-plant3.prefab","NuclearPowerPlant3.prefab","nuclear-power-plant3.prefab","power","family-inferred","b3e3f063d3f824d1a976b88c81072832"
"Assets/Prefabs/Buildings/NuclearPowerPlant4.prefab","Assets/Prefabs/Buildings/nuclear-power-plant4.prefab","NuclearPowerPlant4.prefab","nuclear-power-plant4.prefab","power","family-inferred","6305ceb78f93f4beeab7ea950b1752b3"
"Assets/Prefabs/Buildings/PowerPlantA.prefab","Assets/Prefabs/Buildings/power-plant-a.prefab","PowerPlantA.prefab","power-plant-a.prefab","power","family-inferred","7416b6a5e691a4a84b8970470cf93b9a"
"Assets/Prefabs/Buildings/PowerPlantNuclear.prefab","Assets/Prefabs/Buildings/power-plant-nuclear.prefab","PowerPlantNuclear.prefab","power-plant-nuclear.prefab","power","family-inferred","a465414ff1b1a4fcf9ddeb43da98a8e7"
"Assets/Prefabs/Buildings/WaterPlant-1-128.prefab","Assets/Prefabs/Buildings/water-plant-1-128.prefab","WaterPlant-1-128.prefab","water-plant-1-128.prefab","water","family-inferred","e79cbc7fc0e8749759309cf1c80bddb5"
"Assets/Prefabs/Buttons/BuildingButton.prefab","Assets/Prefabs/Buttons/building-button.prefab","BuildingButton.prefab","building-button.prefab","ui","family-inferred","096dd929ea7fe42199f037651281ca35"
"Assets/Prefabs/Buttons/SavedGameButtonPrefab.prefab","Assets/Prefabs/Buttons/saved-game-button-prefab.prefab","SavedGameButtonPrefab.prefab","saved-game-button-prefab.prefab","ui","family-inferred","6bdba24c190044053a91d51edf15a42b"
"Assets/Prefabs/Cliff/CliffEastPrefab.prefab","Assets/Prefabs/Cliff/cliff-east-prefab.prefab","CliffEastPrefab.prefab","cliff-east-prefab.prefab","terrain","family-inferred","337d8c8750a3d4f8a8d81b50cb920d62"
"Assets/Prefabs/Cliff/CliffSouthPrefab.prefab","Assets/Prefabs/Cliff/cliff-south-prefab.prefab","CliffSouthPrefab.prefab","cliff-south-prefab.prefab","terrain","family-inferred","7cd9c05e8be44456a842d1ab2af291e0"
"Assets/Prefabs/Commercial/DenseCommercialBuilding-1.prefab","Assets/Prefabs/Commercial/dense-commercial-building-1.prefab","DenseCommercialBuilding-1.prefab","dense-commercial-building-1.prefab","commercial","family-inferred","b68c12d76ee6d4e4b97e8ad56b7a863e"
"Assets/Prefabs/Commercial/DenseCommercialBuilding-2.prefab","Assets/Prefabs/Commercial/dense-commercial-building-2.prefab","DenseCommercialBuilding-2.prefab","dense-commercial-building-2.prefab","commercial","family-inferred","94b450a20810f4e87baabc3ae5bbda19"
"Assets/Prefabs/Commercial/DenseCommercialBuilding-3l.prefab","Assets/Prefabs/Commercial/dense-commercial-building-3l.prefab","DenseCommercialBuilding-3l.prefab","dense-commercial-building-3l.prefab","commercial","family-inferred","3d99f5c7d4c8c49069ed29cf53ff9fb8"
"Assets/Prefabs/Commercial/HeavyCommercialZoning.prefab","Assets/Prefabs/Commercial/heavy-commercial-zoning.prefab","HeavyCommercialZoning.prefab","heavy-commercial-zoning.prefab","commercial","family-inferred","02052cd4a52cc4aa0af11925202d7763"
"Assets/Prefabs/Commercial/LightCommercialBuilding-2-128.prefab","Assets/Prefabs/Commercial/light-commercial-building-2-128.prefab","LightCommercialBuilding-2-128.prefab","light-commercial-building-2-128.prefab","commercial","family-inferred","6552c47cdae264dbcabec8ab9818541a"
"Assets/Prefabs/Commercial/LightCommercialZoning.prefab","Assets/Prefabs/Commercial/light-commercial-zoning.prefab","LightCommercialZoning.prefab","light-commercial-zoning.prefab","commercial","family-inferred","1322f8f1313234cbc92dd400cdcc5454"
"Assets/Prefabs/Commercial/LightCommercialZoning_ESlope.prefab","Assets/Prefabs/Commercial/light-commercial-zoning-e-slope.prefab","LightCommercialZoning_ESlope.prefab","light-commercial-zoning-e-slope.prefab","commercial","family-inferred","33fbf2041611b4f4caba7190eddffa2f"
"Assets/Prefabs/Commercial/LightCommercialZoning_NESlope.prefab","Assets/Prefabs/Commercial/light-commercial-zoning-ne-slope.prefab","LightCommercialZoning_NESlope.prefab","light-commercial-zoning-ne-slope.prefab","commercial","family-inferred","b619bd498973941e1a58e535f9b3e665"
"Assets/Prefabs/Commercial/LightCommercialZoning_NEUpSlope.prefab","Assets/Prefabs/Commercial/light-commercial-zoning-ne-up-slope.prefab","LightCommercialZoning_NEUpSlope.prefab","light-commercial-zoning-ne-up-slope.prefab","commercial","family-inferred","3c8d8111ef0d14a94bb621b196e5ca3f"
"Assets/Prefabs/Commercial/LightCommercialZoning_NSlope.prefab","Assets/Prefabs/Commercial/light-commercial-zoning-n-slope.prefab","LightCommercialZoning_NSlope.prefab","light-commercial-zoning-n-slope.prefab","commercial","family-inferred","2ac731ee6465f4586a392517e1ef394c"
"Assets/Prefabs/Commercial/LightCommercialZoning_NWSlope.prefab","Assets/Prefabs/Commercial/light-commercial-zoning-nw-slope.prefab","LightCommercialZoning_NWSlope.prefab","light-commercial-zoning-nw-slope.prefab","commercial","family-inferred","2aa0072b004474094ba875116bef2bce"
"Assets/Prefabs/Commercial/LightCommercialZoning_NWUpSlope.prefab","Assets/Prefabs/Commercial/light-commercial-zoning-nw-up-slope.prefab","LightCommercialZoning_NWUpSlope.prefab","light-commercial-zoning-nw-up-slope.prefab","commercial","family-inferred","e08786a7c2d484992a3c53fd4b8f7d2b"
"Assets/Prefabs/Commercial/LightCommercialZoning_SESlope.prefab","Assets/Prefabs/Commercial/light-commercial-zoning-se-slope.prefab","LightCommercialZoning_SESlope.prefab","light-commercial-zoning-se-slope.prefab","commercial","family-inferred","a74bc0378054344de8736e6a1e4f55b0"
"Assets/Prefabs/Commercial/LightCommercialZoning_SEUpSlope.prefab","Assets/Prefabs/Commercial/light-commercial-zoning-se-up-slope.prefab","LightCommercialZoning_SEUpSlope.prefab","light-commercial-zoning-se-up-slope.prefab","commercial","family-inferred","71a491a5cc21d433f93c1ab132108b83"
"Assets/Prefabs/Commercial/LightCommercialZoning_SSlope.prefab","Assets/Prefabs/Commercial/light-commercial-zoning-s-slope.prefab","LightCommercialZoning_SSlope.prefab","light-commercial-zoning-s-slope.prefab","commercial","family-inferred","211978017751a48cfa4dfa6d1d16b292"
"Assets/Prefabs/Commercial/LightCommercialZoning_SWSlope.prefab","Assets/Prefabs/Commercial/light-commercial-zoning-sw-slope.prefab","LightCommercialZoning_SWSlope.prefab","light-commercial-zoning-sw-slope.prefab","commercial","family-inferred","d123f23a7725a4994b527649320fb01d"
"Assets/Prefabs/Commercial/LightCommercialZoning_SWUpSlope.prefab","Assets/Prefabs/Commercial/light-commercial-zoning-sw-up-slope.prefab","LightCommercialZoning_SWUpSlope.prefab","light-commercial-zoning-sw-up-slope.prefab","commercial","family-inferred","3799d87e50e5b433794eb0f6b475e954"
"Assets/Prefabs/Commercial/LightCommercialZoning_WSlope.prefab","Assets/Prefabs/Commercial/light-commercial-zoning-w-slope.prefab","LightCommercialZoning_WSlope.prefab","light-commercial-zoning-w-slope.prefab","commercial","family-inferred","a841bbd98d7c94244b028b0af71ec8b1"
"Assets/Prefabs/Commercial/MediumCommercialBuilding64_1.prefab","Assets/Prefabs/Commercial/medium-commercial-building64-1.prefab","MediumCommercialBuilding64_1.prefab","medium-commercial-building64-1.prefab","commercial","family-inferred","a033901cae3064622b43ea01f0f6f52b"
"Assets/Prefabs/Commercial/MediumCommercialZoning.prefab","Assets/Prefabs/Commercial/medium-commercial-zoning.prefab","MediumCommercialZoning.prefab","medium-commercial-zoning.prefab","commercial","family-inferred","ccf9a55c77d54421eb2e9380c385be4e"
"Assets/Prefabs/Commercial/Store-1.prefab","Assets/Prefabs/Commercial/store-1.prefab","Store-1.prefab","store-1.prefab","unknown","needs-manual-review","427dbf4d65e4d481baa1769afc98c915"
"Assets/Prefabs/Commercial/Store-1_ESlope.prefab","Assets/Prefabs/Commercial/store-1-e-slope.prefab","Store-1_ESlope.prefab","store-1-e-slope.prefab","terrain","family-inferred","8e6ebc993ae514ef7bc2ded36010e4e4"
"Assets/Prefabs/Commercial/Store-1_NESLope.prefab","Assets/Prefabs/Commercial/store-1-nes-lope.prefab","Store-1_NESLope.prefab","store-1-nes-lope.prefab","unknown","needs-manual-review","794461814164649b48f8d6b708f01b91"
"Assets/Prefabs/Commercial/Store-1_NEUpSlope.prefab","Assets/Prefabs/Commercial/store-1-ne-up-slope.prefab","Store-1_NEUpSlope.prefab","store-1-ne-up-slope.prefab","terrain","family-inferred","22cdfc61dfe3349eab3211f54eb89432"
"Assets/Prefabs/Commercial/Store-1_NSlope.prefab","Assets/Prefabs/Commercial/store-1-n-slope.prefab","Store-1_NSlope.prefab","store-1-n-slope.prefab","terrain","family-inferred","30bc0ff1288ba40b59dbe92030bebcbb"
"Assets/Prefabs/Commercial/Store-1_NWSlope.prefab","Assets/Prefabs/Commercial/store-1-nw-slope.prefab","Store-1_NWSlope.prefab","store-1-nw-slope.prefab","terrain","family-inferred","c17c6cb68a8d643f5bcc1f170dd57a82"
"Assets/Prefabs/Commercial/Store-1_NWUpSlope.prefab","Assets/Prefabs/Commercial/store-1-nw-up-slope.prefab","Store-1_NWUpSlope.prefab","store-1-nw-up-slope.prefab","terrain","family-inferred","2757bceeb2aef4ed787666cfdffd2d04"
"Assets/Prefabs/Commercial/Store-1_SESlope.prefab","Assets/Prefabs/Commercial/store-1-se-slope.prefab","Store-1_SESlope.prefab","store-1-se-slope.prefab","terrain","family-inferred","3cbff3bad5a22448b97712464ce396f2"
"Assets/Prefabs/Commercial/Store-1_SEUpSlope.prefab","Assets/Prefabs/Commercial/store-1-se-up-slope.prefab","Store-1_SEUpSlope.prefab","store-1-se-up-slope.prefab","terrain","family-inferred","e0f31aa765c5142938f38e4936c24b7a"
"Assets/Prefabs/Commercial/Store-1_SSlope.prefab","Assets/Prefabs/Commercial/store-1-s-slope.prefab","Store-1_SSlope.prefab","store-1-s-slope.prefab","terrain","family-inferred","56458ebc2220c468f9ceea89de23ac34"
"Assets/Prefabs/Commercial/Store-1_SWSlope.prefab","Assets/Prefabs/Commercial/store-1-sw-slope.prefab","Store-1_SWSlope.prefab","store-1-sw-slope.prefab","terrain","family-inferred","4d1cae0628cb04a5ab4602630c4dcb0e"
"Assets/Prefabs/Commercial/Store-1_SWUpSlope.prefab","Assets/Prefabs/Commercial/store-1-sw-up-slope.prefab","Store-1_SWUpSlope.prefab","store-1-sw-up-slope.prefab","terrain","family-inferred","874e5acbb9fa646b581ec48c0cc70f28"
"Assets/Prefabs/Commercial/Store-1_WSlope.prefab","Assets/Prefabs/Commercial/store-1-w-slope.prefab","Store-1_WSlope.prefab","store-1-w-slope.prefab","terrain","family-inferred","976e44cdd190e42da8f8c497f36dd122"
"Assets/Prefabs/Effects/DemolitionAnimation.prefab","Assets/Prefabs/Effects/demolition-animation.prefab","DemolitionAnimation.prefab","demolition-animation.prefab","fx","family-inferred","466e2369996d1447c83307e633ab5e3a"
"Assets/Prefabs/Forest/E-slope-forest.prefab","Assets/Prefabs/Forest/e-slope-forest.prefab","E-slope-forest.prefab","e-slope-forest.prefab","forest","family-inferred","1380ae3bd7ad2420e823bab65c71051d"
"Assets/Prefabs/Forest/Forest1-64.prefab","Assets/Prefabs/Forest/forest1-64.prefab","Forest1-64.prefab","forest1-64.prefab","forest","family-inferred","c25f6bc74509e409cb9fb8256b872db3"
"Assets/Prefabs/Forest/N-slope-forest.prefab","Assets/Prefabs/Forest/n-slope-forest.prefab","N-slope-forest.prefab","n-slope-forest.prefab","forest","family-inferred","3519e2b34fdb844268c46f327783e523"
"Assets/Prefabs/Forest/NE-slope-forest.prefab","Assets/Prefabs/Forest/ne-slope-forest.prefab","NE-slope-forest.prefab","ne-slope-forest.prefab","forest","family-inferred","9abfd9c7358104e45b9a98b947e6bc01"
"Assets/Prefabs/Forest/NE-up-slope-forest.prefab","Assets/Prefabs/Forest/ne-up-slope-forest.prefab","NE-up-slope-forest.prefab","ne-up-slope-forest.prefab","forest","family-inferred","d2f245cd07116495abf4754c9ac3bef2"
"Assets/Prefabs/Forest/NW-slope-forest.prefab","Assets/Prefabs/Forest/nw-slope-forest.prefab","NW-slope-forest.prefab","nw-slope-forest.prefab","forest","family-inferred","98c6fcc09ba9c4dde8dbd3e8e524666f"
"Assets/Prefabs/Forest/NW-up-slope-forest.prefab","Assets/Prefabs/Forest/nw-up-slope-forest.prefab","NW-up-slope-forest.prefab","nw-up-slope-forest.prefab","forest","family-inferred","ce508892c35d546a399091aafb3b4692"
"Assets/Prefabs/Forest/S-slope-forest.prefab","Assets/Prefabs/Forest/s-slope-forest.prefab","S-slope-forest.prefab","s-slope-forest.prefab","forest","family-inferred","bd61f6c9d530b4e4dac47996cb9946ad"
"Assets/Prefabs/Forest/SE-slope-forest.prefab","Assets/Prefabs/Forest/se-slope-forest.prefab","SE-slope-forest.prefab","se-slope-forest.prefab","forest","family-inferred","da8458729cc664e2989e999262961300"
"Assets/Prefabs/Forest/SE-up-slope-forest.prefab","Assets/Prefabs/Forest/se-up-slope-forest.prefab","SE-up-slope-forest.prefab","se-up-slope-forest.prefab","forest","family-inferred","4b299f321eb0d4eda8a29aa1cdf3358a"
"Assets/Prefabs/Forest/SW-slope-forest.prefab","Assets/Prefabs/Forest/sw-slope-forest.prefab","SW-slope-forest.prefab","sw-slope-forest.prefab","forest","family-inferred","92e5a57e92d8541bea8cb35559ee72fd"
"Assets/Prefabs/Forest/SW-up-slope-forest.prefab","Assets/Prefabs/Forest/sw-up-slope-forest.prefab","SW-up-slope-forest.prefab","sw-up-slope-forest.prefab","forest","family-inferred","9b2abf64f52274c8bb29e60657f69e44"
"Assets/Prefabs/Forest/W-slope-forest.prefab","Assets/Prefabs/Forest/w-slope-forest.prefab","W-slope-forest.prefab","w-slope-forest.prefab","forest","family-inferred","fafd8a8fa57794546bcf0cf5d68a70f8"
"Assets/Prefabs/Grass/Grass2-4.prefab","Assets/Prefabs/Grass/grass2-4.prefab","Grass2-4.prefab","grass2-4.prefab","terrain","family-inferred","877df96b42f914197b2a7bc4b5039e17"
"Assets/Prefabs/Grass1-64.prefab","Assets/Prefabs/grass1-64.prefab","Grass1-64.prefab","grass1-64.prefab","terrain","family-inferred","25691e3880b3b40218927386f067079f"
"Assets/Prefabs/Industrial/HeavyIndustrialBuilding-1-192.prefab","Assets/Prefabs/Industrial/heavy-industrial-building-1-192.prefab","HeavyIndustrialBuilding-1-192.prefab","heavy-industrial-building-1-192.prefab","industrial","family-inferred","dc8f43d4b7e9e4067926fbac8dee11d4"
"Assets/Prefabs/Industrial/HeavyIndustrialZoning.prefab","Assets/Prefabs/Industrial/heavy-industrial-zoning.prefab","HeavyIndustrialZoning.prefab","heavy-industrial-zoning.prefab","industrial","family-inferred","fcbb96cf6a9bc4c7cb0fd580ac3ef8f0"
"Assets/Prefabs/Industrial/IndustrialLightZoning.prefab","Assets/Prefabs/Industrial/industrial-light-zoning.prefab","IndustrialLightZoning.prefab","industrial-light-zoning.prefab","industrial","family-inferred","ba9a6c0ab2c8145f78e0ad8497927a56"
"Assets/Prefabs/Industrial/LightIndustrialBuilding.prefab","Assets/Prefabs/Industrial/light-industrial-building.prefab","LightIndustrialBuilding.prefab","light-industrial-building.prefab","industrial","family-inferred","6f27cd5cae40c40b4880ab7e354fcb40"
"Assets/Prefabs/Industrial/LightIndustrialZoning.prefab","Assets/Prefabs/Industrial/light-industrial-zoning.prefab","LightIndustrialZoning.prefab","light-industrial-zoning.prefab","industrial","family-inferred","f2949ea80c4bd4963b705297e57733cd"
"Assets/Prefabs/Industrial/LightIndustrialZoning_ESlope.prefab","Assets/Prefabs/Industrial/light-industrial-zoning-e-slope.prefab","LightIndustrialZoning_ESlope.prefab","light-industrial-zoning-e-slope.prefab","industrial","family-inferred","61b77284214b24b3a9c7dfffd7995082"
"Assets/Prefabs/Industrial/LightIndustrialZoning_NESlope.prefab","Assets/Prefabs/Industrial/light-industrial-zoning-ne-slope.prefab","LightIndustrialZoning_NESlope.prefab","light-industrial-zoning-ne-slope.prefab","industrial","family-inferred","e4c53a8b69e8948519b270741bae64d1"
"Assets/Prefabs/Industrial/LightIndustrialZoning_NEUpSlope.prefab","Assets/Prefabs/Industrial/light-industrial-zoning-ne-up-slope.prefab","LightIndustrialZoning_NEUpSlope.prefab","light-industrial-zoning-ne-up-slope.prefab","industrial","family-inferred","823c4b02d00b541669a66b77917b690b"
"Assets/Prefabs/Industrial/LightIndustrialZoning_NSlope.prefab","Assets/Prefabs/Industrial/light-industrial-zoning-n-slope.prefab","LightIndustrialZoning_NSlope.prefab","light-industrial-zoning-n-slope.prefab","industrial","family-inferred","6627b70f7d39a482ca9e26085dcfe012"
"Assets/Prefabs/Industrial/LightIndustrialZoning_NWSlope.prefab","Assets/Prefabs/Industrial/light-industrial-zoning-nw-slope.prefab","LightIndustrialZoning_NWSlope.prefab","light-industrial-zoning-nw-slope.prefab","industrial","family-inferred","206feb7348e5f4a428d69e7a5900ad43"
"Assets/Prefabs/Industrial/LightIndustrialZoning_NWUpSlope.prefab","Assets/Prefabs/Industrial/light-industrial-zoning-nw-up-slope.prefab","LightIndustrialZoning_NWUpSlope.prefab","light-industrial-zoning-nw-up-slope.prefab","industrial","family-inferred","ad374f75d0d9d414994bd0c0bea57b36"
"Assets/Prefabs/Industrial/LightIndustrialZoning_SESlope.prefab","Assets/Prefabs/Industrial/light-industrial-zoning-se-slope.prefab","LightIndustrialZoning_SESlope.prefab","light-industrial-zoning-se-slope.prefab","industrial","family-inferred","f489a829e8e6f4d09ba889f5536f0169"
"Assets/Prefabs/Industrial/LightIndustrialZoning_SEUpSlope.prefab","Assets/Prefabs/Industrial/light-industrial-zoning-se-up-slope.prefab","LightIndustrialZoning_SEUpSlope.prefab","light-industrial-zoning-se-up-slope.prefab","industrial","family-inferred","190f0fdce793d48a29a18894ceafa356"
"Assets/Prefabs/Industrial/LightIndustrialZoning_SSlope.prefab","Assets/Prefabs/Industrial/light-industrial-zoning-s-slope.prefab","LightIndustrialZoning_SSlope.prefab","light-industrial-zoning-s-slope.prefab","industrial","family-inferred","549d90b4541864478aeb0c22a1f4fb3a"
"Assets/Prefabs/Industrial/LightIndustrialZoning_SWSlope.prefab","Assets/Prefabs/Industrial/light-industrial-zoning-sw-slope.prefab","LightIndustrialZoning_SWSlope.prefab","light-industrial-zoning-sw-slope.prefab","industrial","family-inferred","60ffb86bb0373471c985b1ff42317045"
"Assets/Prefabs/Industrial/LightIndustrialZoning_SWUpSlope.prefab","Assets/Prefabs/Industrial/light-industrial-zoning-sw-up-slope.prefab","LightIndustrialZoning_SWUpSlope.prefab","light-industrial-zoning-sw-up-slope.prefab","industrial","family-inferred","254df2633c235475196f8cd43a1c2018"
"Assets/Prefabs/Industrial/LightIndustrialZoning_WSlope.prefab","Assets/Prefabs/Industrial/light-industrial-zoning-w-slope.prefab","LightIndustrialZoning_WSlope.prefab","light-industrial-zoning-w-slope.prefab","industrial","family-inferred","afa702ceb973c43cfa1f3ba644d7ba1c"
"Assets/Prefabs/Industrial/MediumIndustrialBuilding-1-128.prefab","Assets/Prefabs/Industrial/medium-industrial-building-1-128.prefab","MediumIndustrialBuilding-1-128.prefab","medium-industrial-building-1-128.prefab","industrial","family-inferred","a5f9b60ef62304c558a4118976c434c5"
"Assets/Prefabs/Industrial/MediumIndustrialZoning.prefab","Assets/Prefabs/Industrial/medium-industrial-zoning.prefab","MediumIndustrialZoning.prefab","medium-industrial-zoning.prefab","industrial","family-inferred","2532fed4df7b2428cbeb85f7781c3adf"
"Assets/Prefabs/Residential/HeavyResidentialBuilding-1-64.prefab","Assets/Prefabs/Residential/heavy-residential-building-1-64.prefab","HeavyResidentialBuilding-1-64.prefab","heavy-residential-building-1-64.prefab","residential","family-inferred","1b58f95b34f214f64a3f0a6f1a84e8bb"
"Assets/Prefabs/Residential/HeavyResidentialZoning.prefab","Assets/Prefabs/Residential/heavy-residential-zoning.prefab","HeavyResidentialZoning.prefab","heavy-residential-zoning.prefab","residential","family-inferred","054122275329a4ae588eec6bd01c4f49"
"Assets/Prefabs/Residential/House1-64.prefab","Assets/Prefabs/Residential/house1-64.prefab","House1-64.prefab","house1-64.prefab","residential","family-inferred","8940a389d4d2c469ba715ad515e5cfe5"
"Assets/Prefabs/Residential/House1-64_ESlope.prefab","Assets/Prefabs/Residential/house1-64-e-slope.prefab","House1-64_ESlope.prefab","house1-64-e-slope.prefab","residential","family-inferred","972f2cc2e66034f678a0ad12777658e5"
"Assets/Prefabs/Residential/House1-64_NESLope.prefab","Assets/Prefabs/Residential/house1-64-nes-lope.prefab","House1-64_NESLope.prefab","house1-64-nes-lope.prefab","residential","family-inferred","ff195bfdd621d4979a45fae3ae26c595"
"Assets/Prefabs/Residential/House1-64_NEUpSlope.prefab","Assets/Prefabs/Residential/house1-64-ne-up-slope.prefab","House1-64_NEUpSlope.prefab","house1-64-ne-up-slope.prefab","residential","family-inferred","fd9650f98e5dc4251a9e320d1ff4fd40"
"Assets/Prefabs/Residential/House1-64_NSlope.prefab","Assets/Prefabs/Residential/house1-64-n-slope.prefab","House1-64_NSlope.prefab","house1-64-n-slope.prefab","residential","family-inferred","4dec556d051264eacbe8cd08a7ea6558"
"Assets/Prefabs/Residential/House1-64_NWSlope.prefab","Assets/Prefabs/Residential/house1-64-nw-slope.prefab","House1-64_NWSlope.prefab","house1-64-nw-slope.prefab","residential","family-inferred","3e79fdedd0faf4b66ba37e8353f3c80b"
"Assets/Prefabs/Residential/House1-64_NWUpSlope.prefab","Assets/Prefabs/Residential/house1-64-nw-up-slope.prefab","House1-64_NWUpSlope.prefab","house1-64-nw-up-slope.prefab","residential","family-inferred","6c311c6a4173b4d4e872c41f0ee35055"
"Assets/Prefabs/Residential/House1-64_SESlope.prefab","Assets/Prefabs/Residential/house1-64-se-slope.prefab","House1-64_SESlope.prefab","house1-64-se-slope.prefab","residential","family-inferred","5867132d7a0fa422ca1163492c6e538e"
"Assets/Prefabs/Residential/House1-64_SEUpSlope.prefab","Assets/Prefabs/Residential/house1-64-se-up-slope.prefab","House1-64_SEUpSlope.prefab","house1-64-se-up-slope.prefab","residential","family-inferred","d414acf7e48ca4901acf4d6d2bc3329a"
"Assets/Prefabs/Residential/House1-64_SSlope.prefab","Assets/Prefabs/Residential/house1-64-s-slope.prefab","House1-64_SSlope.prefab","house1-64-s-slope.prefab","residential","family-inferred","387932978e72a4324baf2007a3048372"
"Assets/Prefabs/Residential/House1-64_SWSLope.prefab","Assets/Prefabs/Residential/house1-64-sws-lope.prefab","House1-64_SWSLope.prefab","house1-64-sws-lope.prefab","residential","family-inferred","cab9597d30c2d4f43839d9a2ad996515"
"Assets/Prefabs/Residential/House1-64_SWUpSlope.prefab","Assets/Prefabs/Residential/house1-64-sw-up-slope.prefab","House1-64_SWUpSlope.prefab","house1-64-sw-up-slope.prefab","residential","family-inferred","8fcefe0208f854fb8b57357bd62d70c6"
"Assets/Prefabs/Residential/House1-64_WSlope.prefab","Assets/Prefabs/Residential/house1-64-w-slope.prefab","House1-64_WSlope.prefab","house1-64-w-slope.prefab","residential","family-inferred","0744f1eae11244a9ea3829ebd23364ef"
"Assets/Prefabs/Residential/LightResidentialBuilding-2-128.prefab","Assets/Prefabs/Residential/light-residential-building-2-128.prefab","LightResidentialBuilding-2-128.prefab","light-residential-building-2-128.prefab","residential","family-inferred","94e20530c68734836bbd7f89f6b998ed"
"Assets/Prefabs/Residential/LightResidentialZoning.prefab","Assets/Prefabs/Residential/light-residential-zoning.prefab","LightResidentialZoning.prefab","light-residential-zoning.prefab","residential","family-inferred","6786b099dd9af452caa7f773df1a48d2"
"Assets/Prefabs/Residential/LightResidentialZoning_ESlope.prefab","Assets/Prefabs/Residential/light-residential-zoning-e-slope.prefab","LightResidentialZoning_ESlope.prefab","light-residential-zoning-e-slope.prefab","residential","family-inferred","50bb9bb04446840edb6126f75d93494f"
"Assets/Prefabs/Residential/LightResidentialZoning_NESlope.prefab","Assets/Prefabs/Residential/light-residential-zoning-ne-slope.prefab","LightResidentialZoning_NESlope.prefab","light-residential-zoning-ne-slope.prefab","residential","family-inferred","c8e337f4bc9b74423991cf7b1ef78d86"
"Assets/Prefabs/Residential/LightResidentialZoning_NEUpSlope.prefab","Assets/Prefabs/Residential/light-residential-zoning-ne-up-slope.prefab","LightResidentialZoning_NEUpSlope.prefab","light-residential-zoning-ne-up-slope.prefab","residential","family-inferred","d017a492bdef24be687202a1b655607c"
"Assets/Prefabs/Residential/LightResidentialZoning_NSlope.prefab","Assets/Prefabs/Residential/light-residential-zoning-n-slope.prefab","LightResidentialZoning_NSlope.prefab","light-residential-zoning-n-slope.prefab","residential","family-inferred","f633f6568482f4f6eb5e93b38795a4ba"
"Assets/Prefabs/Residential/LightResidentialZoning_NWSlope.prefab","Assets/Prefabs/Residential/light-residential-zoning-nw-slope.prefab","LightResidentialZoning_NWSlope.prefab","light-residential-zoning-nw-slope.prefab","residential","family-inferred","4f4c105dd6ff240fa9e46707c7f37555"
"Assets/Prefabs/Residential/LightResidentialZoning_NWUpSlope.prefab","Assets/Prefabs/Residential/light-residential-zoning-nw-up-slope.prefab","LightResidentialZoning_NWUpSlope.prefab","light-residential-zoning-nw-up-slope.prefab","residential","family-inferred","d44b6fdedcdfa4bc19ecf8de8312e8c8"
"Assets/Prefabs/Residential/LightResidentialZoning_SESlope.prefab","Assets/Prefabs/Residential/light-residential-zoning-se-slope.prefab","LightResidentialZoning_SESlope.prefab","light-residential-zoning-se-slope.prefab","residential","family-inferred","18e1ab9446e4f4ec6816f4c88826e4ba"
"Assets/Prefabs/Residential/LightResidentialZoning_SEUpSlope.prefab","Assets/Prefabs/Residential/light-residential-zoning-se-up-slope.prefab","LightResidentialZoning_SEUpSlope.prefab","light-residential-zoning-se-up-slope.prefab","residential","family-inferred","e5570a2ccdce747f580bd84eca135b5a"
"Assets/Prefabs/Residential/LightResidentialZoning_SSlope.prefab","Assets/Prefabs/Residential/light-residential-zoning-s-slope.prefab","LightResidentialZoning_SSlope.prefab","light-residential-zoning-s-slope.prefab","residential","family-inferred","c0ac255c111e54e6db1743ced7e83fd6"
"Assets/Prefabs/Residential/LightResidentialZoning_SWSlope.prefab","Assets/Prefabs/Residential/light-residential-zoning-sw-slope.prefab","LightResidentialZoning_SWSlope.prefab","light-residential-zoning-sw-slope.prefab","residential","family-inferred","2db7e2dd88e9a4589ae42956c4d9608b"
"Assets/Prefabs/Residential/LightResidentialZoning_SWUpSlope.prefab","Assets/Prefabs/Residential/light-residential-zoning-sw-up-slope.prefab","LightResidentialZoning_SWUpSlope.prefab","light-residential-zoning-sw-up-slope.prefab","residential","family-inferred","bb9d6cade502b4bfd857064d129fdabc"
"Assets/Prefabs/Residential/LightResidentialZoning_WSlope.prefab","Assets/Prefabs/Residential/light-residential-zoning-w-slope.prefab","LightResidentialZoning_WSlope.prefab","light-residential-zoning-w-slope.prefab","residential","family-inferred","6ff46c0ceb55e4cadbd63956e3a2fe76"
"Assets/Prefabs/Residential/MediumResidentialBuilding-2-128.prefab","Assets/Prefabs/Residential/medium-residential-building-2-128.prefab","MediumResidentialBuilding-2-128.prefab","medium-residential-building-2-128.prefab","residential","family-inferred","8736b7435fa99456c89d5d49e6d2d136"
"Assets/Prefabs/Residential/MediumResidentialBuilding2x2_1.prefab","Assets/Prefabs/Residential/medium-residential-building2x2-1.prefab","MediumResidentialBuilding2x2_1.prefab","medium-residential-building2x2-1.prefab","residential","family-inferred","732fb24e835cb49daadf317322702d9d"
"Assets/Prefabs/Residential/MediumResidentialZoning.prefab","Assets/Prefabs/Residential/medium-residential-zoning.prefab","MediumResidentialZoning.prefab","medium-residential-zoning.prefab","residential","family-inferred","6cf65b4ab64674055860d6f5e9c3cd3a"
"Assets/Prefabs/Residential/ResidentialLightZone.prefab","Assets/Prefabs/Residential/residential-light-zone.prefab","ResidentialLightZone.prefab","residential-light-zone.prefab","residential","family-inferred","ba7d4c7f0534948b0863c6c34a294f0d"
"Assets/Prefabs/Road/EastSlopeRoadPrefab.prefab","Assets/Prefabs/Road/east-slope-road-prefab.prefab","EastSlopeRoadPrefab.prefab","east-slope-road-prefab.prefab","roads","family-inferred","b5347a43b034248c5a8fc3cbad05020e"
"Assets/Prefabs/Road/InterstateSignPrefab.prefab","Assets/Prefabs/Road/interstate-sign-prefab.prefab","InterstateSignPrefab.prefab","interstate-sign-prefab.prefab","ui","family-inferred","8760efe8e73034827b2400387d5e78a7"
"Assets/Prefabs/Road/NorthSlopeRoadPrefab.prefab","Assets/Prefabs/Road/north-slope-road-prefab.prefab","NorthSlopeRoadPrefab.prefab","north-slope-road-prefab.prefab","roads","family-inferred","fd7c95c40117742b5941d84b8ab20819"
"Assets/Prefabs/Road/RoadBridgeHorizontalPrefab.prefab","Assets/Prefabs/Road/road-bridge-horizontal-prefab.prefab","RoadBridgeHorizontalPrefab.prefab","road-bridge-horizontal-prefab.prefab","roads","family-inferred","3287f753c9bb44d9ead9a1b5da6438e5"
"Assets/Prefabs/Road/RoadBridgeVerticalPrefab.prefab","Assets/Prefabs/Road/road-bridge-vertical-prefab.prefab","RoadBridgeVerticalPrefab.prefab","road-bridge-vertical-prefab.prefab","roads","family-inferred","80607ff13e6854a75b214e28be833171"
"Assets/Prefabs/Road/RoadCrossing.prefab","Assets/Prefabs/Road/road-crossing.prefab","RoadCrossing.prefab","road-crossing.prefab","roads","family-inferred","75e085f481fbc4cb9b4a7bb52f75ccf1"
"Assets/Prefabs/Road/RoadElbowDownLeft.prefab","Assets/Prefabs/Road/road-elbow-down-left.prefab","RoadElbowDownLeft.prefab","road-elbow-down-left.prefab","roads","family-inferred","2e78a8bb7edd94f4b805c8e548de0740"
"Assets/Prefabs/Road/RoadElbowDownRight.prefab","Assets/Prefabs/Road/road-elbow-down-right.prefab","RoadElbowDownRight.prefab","road-elbow-down-right.prefab","roads","family-inferred","44dd8011f8ebf4b3287454740cbb1fdb"
"Assets/Prefabs/Road/RoadElbowUpLeft.prefab","Assets/Prefabs/Road/road-elbow-up-left.prefab","RoadElbowUpLeft.prefab","road-elbow-up-left.prefab","roads","family-inferred","88888f3331e5b4989b7a560b48929703"
"Assets/Prefabs/Road/RoadElbowUpRight.prefab","Assets/Prefabs/Road/road-elbow-up-right.prefab","RoadElbowUpRight.prefab","road-elbow-up-right.prefab","roads","family-inferred","92b11a697a53a47808ff427ac0694dc7"
"Assets/Prefabs/Road/RoadHorizontal.prefab","Assets/Prefabs/Road/road-horizontal.prefab","RoadHorizontal.prefab","road-horizontal.prefab","roads","family-inferred","720adb93575224a59a2e816ea22172de"
"Assets/Prefabs/Road/RoadTDown.prefab","Assets/Prefabs/Road/road-t-down.prefab","RoadTDown.prefab","road-t-down.prefab","roads","family-inferred","9e79995ec5a0746c08ac60b9748a8519"
"Assets/Prefabs/Road/RoadTLeft.prefab","Assets/Prefabs/Road/road-t-left.prefab","RoadTLeft.prefab","road-t-left.prefab","roads","family-inferred","d6a9821edde5c4e699610b81b0cea54c"
"Assets/Prefabs/Road/RoadTRight.prefab","Assets/Prefabs/Road/road-t-right.prefab","RoadTRight.prefab","road-t-right.prefab","roads","family-inferred","4bb6a5eb245294f598465babdb705b32"
"Assets/Prefabs/Road/RoadTUp.prefab","Assets/Prefabs/Road/road-t-up.prefab","RoadTUp.prefab","road-t-up.prefab","roads","family-inferred","89abdef40227245078bb38f4881850e7"
"Assets/Prefabs/Road/RoadVertical.prefab","Assets/Prefabs/Road/road-vertical.prefab","RoadVertical.prefab","road-vertical.prefab","roads","family-inferred","f352b1a1987d5475fb6ca00d317d21da"
"Assets/Prefabs/Road/SouthSlopeRoadPrefab.prefab","Assets/Prefabs/Road/south-slope-road-prefab.prefab","SouthSlopeRoadPrefab.prefab","south-slope-road-prefab.prefab","roads","family-inferred","db1a2f3435ab449ca9ed8edc3348fa74"
"Assets/Prefabs/Road/WestSlopeRoadPrefab.prefab","Assets/Prefabs/Road/west-slope-road-prefab.prefab","WestSlopeRoadPrefab.prefab","west-slope-road-prefab.prefab","roads","family-inferred","3b3645037547e48698d804d6ff0e3883"
"Assets/Prefabs/Roads.prefab","Assets/Prefabs/roads.prefab","Roads.prefab","roads.prefab","roads","family-inferred","dc2e3fdaf125244aebec0aa300ee6dbc"
"Assets/Prefabs/Slopes/EastSlopePrefab.prefab","Assets/Prefabs/Slopes/east-slope-prefab.prefab","EastSlopePrefab.prefab","east-slope-prefab.prefab","terrain","family-inferred","53a114ba05b164640870000d897d0ae8"
"Assets/Prefabs/Slopes/EastSlopeWaterPrefab.prefab","Assets/Prefabs/Slopes/east-slope-water-prefab.prefab","EastSlopeWaterPrefab.prefab","east-slope-water-prefab.prefab","terrain","family-inferred","6f0a5756a79184631a0cbf1ec9131604"
"Assets/Prefabs/Slopes/NEUpSlopePrefab.prefab","Assets/Prefabs/Slopes/ne-up-slope-prefab.prefab","NEUpSlopePrefab.prefab","ne-up-slope-prefab.prefab","terrain","family-inferred","896570ebc44ef4f18b857f6729df5227"
"Assets/Prefabs/Slopes/NWUpSlopePrefab.prefab","Assets/Prefabs/Slopes/nw-up-slope-prefab.prefab","NWUpSlopePrefab.prefab","nw-up-slope-prefab.prefab","terrain","family-inferred","e919387993c184ea08fd205af2d9f757"
"Assets/Prefabs/Slopes/NorthEastBay.prefab","Assets/Prefabs/Slopes/north-east-bay.prefab","NorthEastBay.prefab","north-east-bay.prefab","terrain","family-inferred","b0cda54140b9a4ac3b8e9c5887779fd7"
"Assets/Prefabs/Slopes/NorthEastSlopePrefab.prefab","Assets/Prefabs/Slopes/north-east-slope-prefab.prefab","NorthEastSlopePrefab.prefab","north-east-slope-prefab.prefab","terrain","family-inferred","aa60ece343405456087c0e5ef028ef36"
"Assets/Prefabs/Slopes/NorthEastSlopeWaterPrefab.prefab","Assets/Prefabs/Slopes/north-east-slope-water-prefab.prefab","NorthEastSlopeWaterPrefab.prefab","north-east-slope-water-prefab.prefab","terrain","family-inferred","75146c43737934984a55059ed0158114"
"Assets/Prefabs/Slopes/NorthEastUpSlopeWaterPrefab.prefab","Assets/Prefabs/Slopes/north-east-up-slope-water-prefab.prefab","NorthEastUpSlopeWaterPrefab.prefab","north-east-up-slope-water-prefab.prefab","terrain","family-inferred","a151ca0f511ca40c9b41f9badaec84be"
"Assets/Prefabs/Slopes/NorthSlopePrefab.prefab","Assets/Prefabs/Slopes/north-slope-prefab.prefab","NorthSlopePrefab.prefab","north-slope-prefab.prefab","terrain","family-inferred","13ba652f4fa174f1a9494270ca4c2c4d"
"Assets/Prefabs/Slopes/NorthSlopeWaterPrefab.prefab","Assets/Prefabs/Slopes/north-slope-water-prefab.prefab","NorthSlopeWaterPrefab.prefab","north-slope-water-prefab.prefab","terrain","family-inferred","e3011a3eed537439c9dcc2da5cefcf1e"
"Assets/Prefabs/Slopes/NorthWestBay.prefab","Assets/Prefabs/Slopes/north-west-bay.prefab","NorthWestBay.prefab","north-west-bay.prefab","terrain","family-inferred","8b9a41e5824334877b1b0ec353c5e1de"
"Assets/Prefabs/Slopes/NorthWestSlopePrefab.prefab","Assets/Prefabs/Slopes/north-west-slope-prefab.prefab","NorthWestSlopePrefab.prefab","north-west-slope-prefab.prefab","terrain","family-inferred","be209671e43a0411a904da5387f76a66"
"Assets/Prefabs/Slopes/NorthWestSlopeWaterPrefab.prefab","Assets/Prefabs/Slopes/north-west-slope-water-prefab.prefab","NorthWestSlopeWaterPrefab.prefab","north-west-slope-water-prefab.prefab","terrain","family-inferred","7d30c0a45f179462daf6be4f97ea58c6"
"Assets/Prefabs/Slopes/NorthWestUpSlopeWaterPrefab.prefab","Assets/Prefabs/Slopes/north-west-up-slope-water-prefab.prefab","NorthWestUpSlopeWaterPrefab.prefab","north-west-up-slope-water-prefab.prefab","terrain","family-inferred","51c7467b289504fe68366182c66a7a9e"
"Assets/Prefabs/Slopes/SEUpSlopePrefab.prefab","Assets/Prefabs/Slopes/se-up-slope-prefab.prefab","SEUpSlopePrefab.prefab","se-up-slope-prefab.prefab","terrain","family-inferred","669b2368b50174fc2b0b91cb40c33a54"
"Assets/Prefabs/Slopes/SWUpSlopePrefab.prefab","Assets/Prefabs/Slopes/sw-up-slope-prefab.prefab","SWUpSlopePrefab.prefab","sw-up-slope-prefab.prefab","terrain","family-inferred","542577f3f0d634860be0887a0495125e"
"Assets/Prefabs/Slopes/SouthEastBay.prefab","Assets/Prefabs/Slopes/south-east-bay.prefab","SouthEastBay.prefab","south-east-bay.prefab","terrain","family-inferred","b730393b247ff43eabb129208f2b876d"
"Assets/Prefabs/Slopes/SouthEastSlopePrefab.prefab","Assets/Prefabs/Slopes/south-east-slope-prefab.prefab","SouthEastSlopePrefab.prefab","south-east-slope-prefab.prefab","terrain","family-inferred","7ea11928026f5445aabceb6db04b14a0"
"Assets/Prefabs/Slopes/SouthEastSlopeWaterPrefab.prefab","Assets/Prefabs/Slopes/south-east-slope-water-prefab.prefab","SouthEastSlopeWaterPrefab.prefab","south-east-slope-water-prefab.prefab","terrain","family-inferred","d20b9441b1a8a4976acaa34b13eb31ef"
"Assets/Prefabs/Slopes/SouthEastUpSlopeWaterPrefab.prefab","Assets/Prefabs/Slopes/south-east-up-slope-water-prefab.prefab","SouthEastUpSlopeWaterPrefab.prefab","south-east-up-slope-water-prefab.prefab","terrain","family-inferred","fb96aa32ba78b465ba4cdef4701b55bf"
"Assets/Prefabs/Slopes/SouthSlopePrefab.prefab","Assets/Prefabs/Slopes/south-slope-prefab.prefab","SouthSlopePrefab.prefab","south-slope-prefab.prefab","terrain","family-inferred","31d00874101db436f831e2bb1dcfa7a8"
"Assets/Prefabs/Slopes/SouthSlopeWaterPrefab.prefab","Assets/Prefabs/Slopes/south-slope-water-prefab.prefab","SouthSlopeWaterPrefab.prefab","south-slope-water-prefab.prefab","terrain","family-inferred","5e5a9ddba117a434c822437131cdbb6c"
"Assets/Prefabs/Slopes/SouthWestBay.prefab","Assets/Prefabs/Slopes/south-west-bay.prefab","SouthWestBay.prefab","south-west-bay.prefab","terrain","family-inferred","2af97bd91f51142bdaad26ed9c55a38f"
"Assets/Prefabs/Slopes/SouthWestSlopePrefab.prefab","Assets/Prefabs/Slopes/south-west-slope-prefab.prefab","SouthWestSlopePrefab.prefab","south-west-slope-prefab.prefab","terrain","family-inferred","41a382e8bac164b1a9db9f90752fe6c8"
"Assets/Prefabs/Slopes/SouthWestSlopeWaterPrefab.prefab","Assets/Prefabs/Slopes/south-west-slope-water-prefab.prefab","SouthWestSlopeWaterPrefab.prefab","south-west-slope-water-prefab.prefab","terrain","family-inferred","2334d851ff8984d31a75993a33eeadd2"
"Assets/Prefabs/Slopes/SouthWestUpSlopeWaterPrefab.prefab","Assets/Prefabs/Slopes/south-west-up-slope-water-prefab.prefab","SouthWestUpSlopeWaterPrefab.prefab","south-west-up-slope-water-prefab.prefab","terrain","family-inferred","88cb1842ffaac49d19b69b12a8d78dd6"
"Assets/Prefabs/Slopes/WestSlopePrefab.prefab","Assets/Prefabs/Slopes/west-slope-prefab.prefab","WestSlopePrefab.prefab","west-slope-prefab.prefab","terrain","family-inferred","f8d9880fc255347a2b91fd68d5884e2c"
"Assets/Prefabs/Slopes/WestSlopeWaterPrefab.prefab","Assets/Prefabs/Slopes/west-slope-water-prefab.prefab","WestSlopeWaterPrefab.prefab","west-slope-water-prefab.prefab","terrain","family-inferred","9dad5aff4a352443dacf77c61f0cd66a"
"Assets/Prefabs/Water/CliffEastWater.prefab","Assets/Prefabs/Water/cliff-east-water.prefab","CliffEastWater.prefab","cliff-east-water.prefab","water","family-inferred","3ad688078476843b6b2bdd53c2947bee"
"Assets/Prefabs/Water/CliffSouthWater.prefab","Assets/Prefabs/Water/cliff-south-water.prefab","CliffSouthWater.prefab","cliff-south-water.prefab","water","family-inferred","c8a20c30342af4b37ac5f1b0bd525582"
"Assets/Prefabs/Water/SeaLevelWaterPrefab.prefab","Assets/Prefabs/Water/sea-level-water-prefab.prefab","SeaLevelWaterPrefab.prefab","sea-level-water-prefab.prefab","water","family-inferred","14af9dcc8387e4a58add2d580e2afbc1"
"Assets/Prefabs/Water/Water1-64.prefab","Assets/Prefabs/Water/water1-64.prefab","Water1-64.prefab","water1-64.prefab","water","family-inferred","a31e41505bf854bc4a20112f64d7df11"
